dataset,classifier,imbalance_ratio,imbalance_category,n_instances,n_fp,n_fn,n_errors,accuracy,precision,recall,f1
egg-eye-state,xgb,8257.0,extreme,14980,248,313,561,0.8751668891855807,0.8727552591072345,0.8445878848063555,0.858440575321726
egg-eye-state,svm,8257.0,extreme,14980,0,2014,2014,0.5518469069870939,0.0,0.0,0.0
egg-eye-state,rf,8257.0,extreme,14980,210,369,579,0.8711615487316422,0.8867924528301887,0.8167825223435948,0.8503489273714138
phoneme,svm,3818.0,extreme,5404,175,200,375,0.7688039457459926,0.6136865342163356,0.5815899581589958,0.5972073039742213
phoneme,rf,3818.0,extreme,5404,91,79,170,0.8951911220715166,0.8142857142857143,0.8347280334728033,0.8243801652892562
phoneme,xgb,3818.0,extreme,5404,109,86,195,0.8797780517879161,0.782435129740519,0.8200836820083682,0.8008171603677222
ozone-level-8hr,rf,14.84,strong,2534,2,42,44,0.9421813403416556,0.7777777777777778,0.1428571428571428,0.2413793103448276
ozone-level-8hr,svm,14.84,strong,2534,0,49,49,0.9356110381077528,0.0,0.0,0.0
ozone-level-8hr,xgb,14.84,strong,2534,5,39,44,0.9421813403416556,0.6666666666666666,0.2040816326530612,0.3125
pc1,svm,13.4,strong,1109,0,24,24,0.927927927927928,0.0,0.0,0.0
pc1,xgb,13.4,strong,1109,10,15,25,0.924924924924925,0.4736842105263157,0.375,0.4186046511627907
pc1,rf,13.4,strong,1109,4,17,21,0.9369369369369368,0.6363636363636364,0.2916666666666667,0.4
heart-disease,rf,12.62,strong,303,5,6,11,0.8791208791208791,0.868421052631579,0.8461538461538461,0.8571428571428571
heart-disease,xgb,12.62,strong,303,8,9,17,0.8131868131868132,0.7894736842105263,0.7692307692307693,0.7792207792207793
heart-disease,svm,12.62,strong,303,5,7,12,0.8681318681318682,0.8648648648648649,0.8205128205128205,0.8421052631578947
bank-marketing,svm,7.55,moderate,45211,161,1299,1460,0.8923621350634031,0.655982905982906,0.1911581569115815,0.2960462873674059
bank-marketing,rf,7.55,moderate,45211,279,1047,1326,0.902241226776762,0.6670644391408115,0.3480697384806974,0.4574468085106383
bank-marketing,xgb,7.55,moderate,45211,413,856,1269,0.9064435269831908,0.6448839208942391,0.4669987546699875,0.5417118093174431
adult-census-income,xgb,6.43,moderate,48842,1712,3024,4736,0.6767897358902614,0.7106152805949966,0.5816270060874378,0.6396835057821059
adult-census-income,svm,6.43,moderate,48842,2317,2912,5229,0.6431447485156623,0.6506859641188,0.5971223021582733,0.6227544910179641
adult-census-income,rf,6.43,moderate,48842,2204,2982,5186,0.6460793011669965,0.6582945736434108,0.5874377421140011,0.6208510016084223
kc1,svm,5.47,moderate,2109,2,88,90,0.8578199052132701,0.6,0.0329670329670329,0.0625
kc1,rf,5.47,moderate,2109,25,61,86,0.8641390205371248,0.5454545454545454,0.3296703296703296,0.410958904109589
kc1,xgb,5.47,moderate,2109,26,62,88,0.8609794628751974,0.5272727272727272,0.3186813186813186,0.3972602739726027
kc2,svm,3.88,moderate,522,2,25,27,0.8280254777070064,0.7777777777777778,0.21875,0.3414634146341463
kc2,rf,3.88,moderate,522,10,16,26,0.8343949044585988,0.6153846153846154,0.5,0.5517241379310345
kc2,xgb,3.88,moderate,522,11,17,28,0.821656050955414,0.5769230769230769,0.46875,0.5172413793103449
blood-transfusion,xgb,3.18,moderate,748,24,40,64,0.7155555555555555,0.3684210526315789,0.2592592592592592,0.3043478260869565
blood-transfusion,svm,3.18,moderate,748,0,54,54,0.76,0.0,0.0,0.0
blood-transfusion,rf,3.18,moderate,748,23,38,61,0.7288888888888889,0.4102564102564102,0.2962962962962963,0.3440860215053763
german-credit,rf,2.33,slight,1000,11,50,61,0.7966666666666666,0.7843137254901961,0.4444444444444444,0.5673758865248227
german-credit,svm,2.33,slight,1000,29,47,76,0.7466666666666667,0.5972222222222222,0.4777777777777778,0.5308641975308642
german-credit,xgb,2.33,slight,1000,29,44,73,0.7566666666666667,0.6133333333333333,0.5111111111111111,0.5575757575757576
column,xgb,2.1,slight,310,9,5,14,0.8494623655913979,0.8571428571428571,0.9152542372881356,0.8852459016393442
column,svm,2.1,slight,310,33,2,35,0.6236559139784946,0.6333333333333333,0.9661016949152542,0.7651006711409396
column,rf,2.1,slight,310,8,5,13,0.8602150537634409,0.8709677419354839,0.9152542372881356,0.8925619834710744
qsar-biodeg,svm,1.96,slight,1055,14,20,34,0.8927444794952681,0.8556701030927835,0.8058252427184466,0.83
qsar-biodeg,rf,1.96,slight,1055,17,23,40,0.8738170347003155,0.8247422680412371,0.7766990291262136,0.8
qsar-biodeg,xgb,1.96,slight,1055,18,26,44,0.861198738170347,0.8105263157894737,0.7475728155339806,0.7777777777777778
contraceptive-method-choice,rf,1.89,slight,1473,71,64,135,0.6945701357466063,0.7408759124087592,0.7602996254681648,0.7504621072088724
contraceptive-method-choice,svm,1.89,slight,1473,87,47,134,0.6968325791855203,0.7166123778501629,0.8239700374531835,0.7665505226480837
contraceptive-method-choice,xgb,1.89,slight,1473,70,53,123,0.7217194570135747,0.7535211267605634,0.8014981273408239,0.7767695099818511
diabetes,rf,1.87,slight,768,19,36,55,0.7619047619047619,0.7246376811594203,0.5813953488372093,0.6451612903225806
diabetes,svm,1.87,slight,768,9,43,52,0.7748917748917749,0.8269230769230769,0.5,0.6231884057971014
diabetes,xgb,1.87,slight,768,29,32,61,0.7359307359307359,0.6506024096385542,0.627906976744186,0.6390532544378699
horse-colic,xgb,1.71,slight,368,3,12,15,0.8648648648648649,0.9210526315789472,0.7446808510638298,0.8235294117647058
horse-colic,rf,1.71,slight,368,3,12,15,0.8648648648648649,0.9210526315789472,0.7446808510638298,0.8235294117647058
horse-colic,svm,1.71,slight,368,7,13,20,0.8198198198198198,0.8292682926829268,0.723404255319149,0.7727272727272727
wdbc,rf,1.68,slight,569,5,6,11,0.935672514619883,0.9166666666666666,0.9016393442622952,0.9090909090909092
wdbc,xgb,1.68,slight,569,4,5,9,0.9473684210526316,0.9333333333333332,0.918032786885246,0.9256198347107438
wdbc,svm,1.68,slight,569,1,1,2,0.9883040935672516,0.9836065573770492,0.9836065573770492,0.9836065573770492
congressional-voting,xgb,1.59,slight,435,8,2,10,0.9236641221374046,0.8596491228070176,0.9607843137254902,0.9074074074074074
congressional-voting,svm,1.59,slight,435,6,1,7,0.9465648854961832,0.8928571428571429,0.9803921568627452,0.9345794392523364
congressional-voting,rf,1.59,slight,435,6,1,7,0.9465648854961832,0.8928571428571429,0.9803921568627452,0.9345794392523364
spambase,rf,1.54,slight,4601,31,47,78,0.943519188993483,0.9441441441441442,0.9176882661996496,0.9307282415630552
spambase,svm,1.54,slight,4601,28,121,149,0.8921071687183201,0.9414225941422594,0.7880910683012259,0.8579599618684461
spambase,xgb,1.54,slight,4601,33,43,76,0.944967414916727,0.9411764705882352,0.9246935201401052,0.9328621908127208
cylinder-bands,rf,1.37,balanced,539,19,9,28,0.8271604938271605,0.8155339805825242,0.9032258064516128,0.8571428571428571
cylinder-bands,xgb,1.37,balanced,539,12,16,28,0.8271604938271605,0.8651685393258427,0.8279569892473119,0.8461538461538461
cylinder-bands,svm,1.37,balanced,539,20,17,37,0.7716049382716049,0.7916666666666666,0.8172043010752689,0.8042328042328042
credit-approval,xgb,1.25,balanced,690,15,17,32,0.8454106280193237,0.8571428571428571,0.8411214953271028,0.8490566037735849
credit-approval,svm,1.25,balanced,690,8,24,32,0.8454106280193237,0.912087912087912,0.7757009345794392,0.8383838383838383
credit-approval,rf,1.25,balanced,690,13,12,25,0.8792270531400966,0.8796296296296297,0.8878504672897196,0.8837209302325582
mammographic-mass,xgb,1.16,balanced,961,36,29,65,0.7750865051903114,0.7352941176470589,0.7751937984496124,0.7547169811320755
mammographic-mass,svm,1.16,balanced,961,41,20,61,0.7889273356401384,0.7266666666666667,0.8449612403100775,0.7813620071684588
mammographic-mass,rf,1.16,balanced,961,36,31,67,0.7681660899653979,0.7313432835820896,0.7596899224806202,0.7452471482889734
usps_bin,svm,1.01,balanced,1424,4,7,11,0.9742990654205608,0.9808612440191388,0.9669811320754716,0.973871733966746
usps_bin,xgb,1.01,balanced,1424,3,5,8,0.9813084112149532,0.9857142857142858,0.9764150943396226,0.981042654028436
usps_bin,rf,1.01,balanced,1424,2,4,6,0.985981308411215,0.9904761904761904,0.981132075471698,0.985781990521327
cnae-9_bin,rf,1.0,balanced,240,0,0,0,1.0,1.0,1.0,1.0
cnae-9_bin,svm,1.0,balanced,240,0,1,1,0.9861111111111112,1.0,0.9777777777777776,0.9887640449438202
cnae-9_bin,xgb,1.0,balanced,240,1,1,2,0.9722222222222222,0.9777777777777776,0.9777777777777776,0.9777777777777776
hill_valley,svm,1.0,balanced,1212,4,168,172,0.5274725274725275,0.8,0.0869565217391304,0.1568627450980392
hill_valley,xgb,1.0,balanced,1212,82,66,148,0.5934065934065934,0.59,0.6413043478260869,0.6145833333333334
isolet_bin,rf,1.0,balanced,600,2,0,2,0.9888888888888888,0.9767441860465116,1.0,0.9882352941176472
hill_valley,rf,1.0,balanced,1212,74,57,131,0.6401098901098901,0.6318407960199005,0.6902173913043478,0.6597402597402597
isolet_bin,svm,1.0,balanced,600,0,0,0,1.0,1.0,1.0,1.0
isolet_bin,xgb,1.0,balanced,600,2,0,2,0.9888888888888888,0.9767441860465116,1.0,0.9882352941176472
