dataset,classifier,algorithm,topk_BD_Shap,topk_BD_Lime,topk_Lime_Shap,rank_BD_Shap,rank_BD_Lime,rank_Lime_Shap,sign_BD_Shap,sign_BD_Lime,sign_Lime_Shap,rank_sign_BD_Shap,rank_sign_BD_Lime,rank_sign_Lime_Shap
bank-marketing,rf,AP,0.7345070422535211,0.2577464788732394,0.2746478873239437,0.21760563380281692,0.06760563380281691,0.07042253521126761,0.7091549295774648,0.21971830985915491,0.24929577464788732,0.2147887323943662,0.06619718309859156,0.06901408450704226
bank-marketing,rf,EvoCluster_PSO,0.7150000000000001,0.255,0.29,0.175,0.08,0.075,0.65,0.2,0.26,0.16999999999999998,0.08,0.075
bank-marketing,rf,GWO,0.735,0.275,0.29,0.225,0.04,0.05,0.705,0.22999999999999998,0.265,0.22000000000000003,0.04,0.05
bank-marketing,rf,PSO,0.72,0.31,0.325,0.195,0.07,0.05,0.7,0.27,0.305,0.19,0.07,0.05
bank-marketing,rf,WOA,0.65,0.30500000000000005,0.32,0.155,0.075,0.05500000000000001,0.635,0.25,0.28500000000000003,0.155,0.075,0.05500000000000001
blood-transfusion,rf,AP,0.7142857142857143,0.7857142857142857,0.9285714285714286,0.5714285714285714,0.42857142857142855,0.5714285714285714,0.6428571428571429,0.6428571428571429,0.8571428571428571,0.5714285714285714,0.35714285714285715,0.5714285714285714
blood-transfusion,rf,EvoCluster_PSO,0.5,0.5714285714285714,0.6428571428571429,0.35714285714285715,0.2857142857142857,0.35714285714285715,0.5,0.35714285714285715,0.6428571428571429,0.35714285714285715,0.21428571428571427,0.35714285714285715
blood-transfusion,rf,GWO,0.5,0.6428571428571429,0.5714285714285714,0.2857142857142857,0.35714285714285715,0.42857142857142855,0.5,0.35714285714285715,0.5714285714285714,0.2857142857142857,0.21428571428571427,0.42857142857142855
blood-transfusion,rf,PSO,0.42857142857142855,0.7142857142857143,0.5714285714285714,0.2857142857142857,0.42857142857142855,0.42857142857142855,0.42857142857142855,0.35714285714285715,0.5714285714285714,0.2857142857142857,0.21428571428571427,0.42857142857142855
blood-transfusion,rf,WOA,0.5,1.0,0.5,0.5,1.0,0.5,0.5,0.5,0.5,0.5,0.5,0.5
blood-transfusion,svm,AP,0.9444444444444444,0.8333333333333334,0.8888888888888888,0.8333333333333334,0.8333333333333334,0.7777777777777778,0.9444444444444444,0.8333333333333334,0.8888888888888888,0.8333333333333334,0.8333333333333334,0.7777777777777778
blood-transfusion,svm,EvoCluster_PSO,1.0,0.8888888888888888,0.8888888888888888,0.5555555555555556,0.3888888888888889,0.7777777777777778,1.0,0.8888888888888888,0.8888888888888888,0.5555555555555556,0.3888888888888889,0.7777777777777778
blood-transfusion,svm,GWO,1.0,0.9444444444444444,0.9444444444444444,0.5555555555555556,0.6111111111111112,0.6111111111111112,1.0,0.9444444444444444,0.9444444444444444,0.5555555555555556,0.6111111111111112,0.6111111111111112
blood-transfusion,svm,PSO,0.9444444444444444,0.8333333333333334,0.8333333333333334,0.5,0.4444444444444444,0.7222222222222222,0.9444444444444444,0.8333333333333334,0.8333333333333334,0.5,0.4444444444444444,0.7222222222222222
blood-transfusion,svm,WOA,0.9444444444444444,0.8333333333333334,0.8333333333333334,0.3888888888888889,0.4444444444444444,0.6111111111111112,0.9444444444444444,0.8333333333333334,0.8333333333333334,0.3888888888888889,0.4444444444444444,0.6111111111111112
blood-transfusion,xgb,AP,0.5625,0.6875,0.5625,0.3125,0.4375,0.4375,0.5625,0.5625,0.375,0.3125,0.3125,0.3125
blood-transfusion,xgb,EvoCluster_PSO,0.625,0.5625,0.875,0.4375,0.25,0.6875,0.625,0.5,0.8125,0.4375,0.25,0.6875
blood-transfusion,xgb,GWO,0.5625,0.5,0.8125,0.5,0.3125,0.625,0.5625,0.5,0.75,0.5,0.3125,0.625
blood-transfusion,xgb,PSO,0.5,0.5,0.875,0.25,0.1875,0.5625,0.5,0.4375,0.75,0.25,0.125,0.5625
blood-transfusion,xgb,WOA,0.5,0.5,0.9375,0.5,0.375,0.8125,0.5,0.5,0.875,0.5,0.375,0.8125
column,rf,AP,0.5,0.75,0.75,0.5,0.75,0.75,0.5,0.75,0.75,0.5,0.75,0.75
column,rf,EvoCluster_PSO,0.875,0.75,0.75,0.875,0.125,0.125,0.875,0.75,0.75,0.875,0.125,0.125
column,rf,GWO,0.625,0.625,0.5,0.5,0.125,0.5,0.625,0.25,0.5,0.5,0.125,0.5
column,rf,PSO,0.625,0.625,0.5,0.5,0.375,0.5,0.625,0.5,0.5,0.5,0.375,0.5
column,rf,WOA,0.5,0.5,0.625,0.5,0.125,0.625,0.5,0.125,0.625,0.5,0.125,0.625
column,svm,AP,1.0,0.8333333333333334,0.8333333333333334,0.8333333333333334,0.8333333333333334,0.6666666666666666,1.0,0.8333333333333334,0.8333333333333334,0.8333333333333334,0.8333333333333334,0.6666666666666666
column,svm,EvoCluster_PSO,0.8333333333333334,0.8333333333333334,1.0,0.8333333333333334,0.75,0.8333333333333334,0.8333333333333334,0.8333333333333334,1.0,0.8333333333333334,0.75,0.8333333333333334
column,svm,GWO,1.0,0.9166666666666666,0.9166666666666666,1.0,0.8333333333333334,0.8333333333333334,1.0,0.9166666666666666,0.9166666666666666,1.0,0.8333333333333334,0.8333333333333334
column,svm,PSO,1.0,0.9166666666666666,0.9166666666666666,0.6666666666666666,0.6666666666666666,0.6666666666666666,1.0,0.9166666666666666,0.9166666666666666,0.6666666666666666,0.6666666666666666,0.6666666666666666
column,svm,WOA,1.0,0.9166666666666666,0.9166666666666666,0.8333333333333334,0.5833333333333334,0.75,1.0,0.9166666666666666,0.9166666666666666,0.8333333333333334,0.5833333333333334,0.75
column,xgb,AP,0.75,0.75,0.75,0.75,0.5,0.625,0.75,0.625,0.625,0.75,0.375,0.5
column,xgb,EvoCluster_PSO,0.75,0.75,1.0,0.625,0.625,1.0,0.75,0.625,0.875,0.625,0.5,0.875
column,xgb,GWO,0.75,0.75,0.875,0.75,0.75,0.875,0.75,0.5,0.625,0.75,0.5,0.625
column,xgb,PSO,0.75,0.875,0.875,0.5,0.625,0.5,0.75,0.75,0.75,0.5,0.5,0.375
column,xgb,WOA,1.0,0.625,0.625,1.0,0.625,0.625,1.0,0.625,0.625,1.0,0.625,0.625
congressional-voting,rf,AP,0.6333333333333333,0.3,0.4000000000000001,0.3333333333333333,0.10000000000000002,0.16666666666666666,0.6333333333333333,0.3,0.4000000000000001,0.3333333333333333,0.10000000000000002,0.16666666666666666
congressional-voting,rf,EvoCluster_PSO,0.7666666666666666,0.3666666666666667,0.3666666666666667,0.3,0.06666666666666667,0.16666666666666666,0.7666666666666666,0.3666666666666667,0.3666666666666667,0.3,0.06666666666666667,0.16666666666666666
congressional-voting,rf,GWO,0.9,0.5,0.4000000000000001,0.3,0.10000000000000002,0.20000000000000004,0.9,0.5,0.4000000000000001,0.3,0.10000000000000002,0.20000000000000004
congressional-voting,rf,PSO,0.8333333333333334,0.43333333333333335,0.4000000000000001,0.3,0.10000000000000002,0.16666666666666666,0.8333333333333334,0.43333333333333335,0.4000000000000001,0.3,0.10000000000000002,0.16666666666666666
congressional-voting,rf,WOA,0.9,0.5,0.4000000000000001,0.3,0.10000000000000002,0.20000000000000004,0.9,0.5,0.4000000000000001,0.3,0.10000000000000002,0.20000000000000004
congressional-voting,svm,AP,0.7666666666666666,0.3333333333333333,0.4666666666666666,0.10000000000000002,0.0,0.10000000000000002,0.7666666666666666,0.3333333333333333,0.4666666666666666,0.10000000000000002,0.0,0.10000000000000002
congressional-voting,svm,EvoCluster_PSO,0.7333333333333334,0.3666666666666667,0.4666666666666666,0.06666666666666667,0.03333333333333333,0.06666666666666667,0.7333333333333334,0.3666666666666667,0.4666666666666666,0.06666666666666667,0.03333333333333333,0.06666666666666667
congressional-voting,svm,GWO,0.8333333333333334,0.4000000000000001,0.4666666666666666,0.16666666666666666,0.03333333333333333,0.13333333333333333,0.8333333333333334,0.4000000000000001,0.4666666666666666,0.16666666666666666,0.03333333333333333,0.13333333333333333
congressional-voting,svm,PSO,0.9,0.4666666666666666,0.5,0.06666666666666667,0.0,0.10000000000000002,0.9,0.4666666666666666,0.5,0.06666666666666667,0.0,0.10000000000000002
congressional-voting,svm,WOA,0.7000000000000001,0.3333333333333333,0.43333333333333335,0.13333333333333333,0.06666666666666667,0.06666666666666667,0.7000000000000001,0.3333333333333333,0.43333333333333335,0.13333333333333333,0.06666666666666667,0.06666666666666667
congressional-voting,xgb,AP,0.925,0.5249999999999999,0.5,0.35,0.1,0.2,0.925,0.5,0.475,0.35,0.1,0.175
congressional-voting,xgb,EvoCluster_PSO,0.925,0.625,0.625,0.3,0.3,0.3,0.925,0.6,0.6,0.3,0.3,0.3
congressional-voting,xgb,GWO,0.925,0.55,0.575,0.325,0.2,0.325,0.925,0.525,0.55,0.325,0.2,0.30000000000000004
congressional-voting,xgb,PSO,0.95,0.5,0.45,0.325,0.07500000000000001,0.225,0.95,0.45,0.4,0.325,0.07500000000000001,0.2
congressional-voting,xgb,WOA,0.9,0.6,0.525,0.42500000000000004,0.15,0.225,0.9,0.6,0.525,0.42500000000000004,0.15,0.225
contraceptive-method-choice,rf,AP,0.6888888888888888,0.5555555555555555,0.6222222222222221,0.26666666666666666,0.2,0.2222222222222222,0.5555555555555555,0.4,0.5555555555555555,0.26666666666666666,0.13333333333333333,0.2
contraceptive-method-choice,rf,EvoCluster_PSO,0.6666666666666666,0.6,0.7555555555555554,0.3333333333333333,0.28888888888888886,0.4222222222222222,0.6666666666666666,0.5777777777777777,0.7333333333333333,0.3333333333333333,0.28888888888888886,0.4222222222222222
contraceptive-method-choice,rf,GWO,0.711111111111111,0.6222222222222221,0.711111111111111,0.3555555555555555,0.4222222222222222,0.5111111111111111,0.6888888888888888,0.5555555555555555,0.6888888888888888,0.3555555555555555,0.3777777777777777,0.4888888888888889
contraceptive-method-choice,rf,PSO,0.7555555555555554,0.6888888888888888,0.7555555555555554,0.4888888888888889,0.3555555555555555,0.26666666666666666,0.711111111111111,0.6444444444444444,0.7333333333333333,0.4666666666666667,0.31111111111111106,0.24444444444444444
contraceptive-method-choice,rf,WOA,0.711111111111111,0.4444444444444444,0.7333333333333333,0.08888888888888888,0.1111111111111111,0.6,0.711111111111111,0.4222222222222222,0.711111111111111,0.08888888888888888,0.1111111111111111,0.6
contraceptive-method-choice,svm,AP,0.9791666666666666,0.75,0.75,0.9791666666666666,0.5208333333333333,0.5208333333333333,0.9791666666666666,0.75,0.75,0.9791666666666666,0.5208333333333333,0.5208333333333333
contraceptive-method-choice,svm,EvoCluster_PSO,1.0,0.6875,0.6875,0.9583333333333334,0.625,0.5833333333333333,1.0,0.6875,0.6875,0.9583333333333334,0.625,0.5833333333333333
contraceptive-method-choice,svm,GWO,0.9791666666666666,0.7083333333333333,0.7083333333333333,0.9375,0.4583333333333333,0.47916666666666663,0.9791666666666666,0.7083333333333333,0.7083333333333333,0.9375,0.4583333333333333,0.47916666666666663
contraceptive-method-choice,svm,PSO,1.0,0.7083333333333333,0.7083333333333333,0.9166666666666666,0.41666666666666663,0.35416666666666663,1.0,0.7083333333333333,0.7083333333333333,0.9166666666666666,0.41666666666666663,0.35416666666666663
contraceptive-method-choice,svm,WOA,0.9375,0.7083333333333333,0.7083333333333333,0.9375,0.3333333333333333,0.3333333333333333,0.9375,0.7083333333333333,0.7083333333333333,0.9375,0.3333333333333333,0.3333333333333333
contraceptive-method-choice,xgb,AP,0.6458333333333333,0.6666666666666666,0.5833333333333333,0.3125,0.25,0.125,0.5833333333333333,0.5833333333333333,0.5416666666666666,0.29166666666666663,0.22916666666666666,0.125
contraceptive-method-choice,xgb,EvoCluster_PSO,0.6666666666666666,0.5416666666666666,0.47916666666666663,0.3125,0.20833333333333331,0.29166666666666663,0.625,0.5,0.47916666666666663,0.29166666666666663,0.1875,0.29166666666666663
contraceptive-method-choice,xgb,GWO,0.75,0.5833333333333333,0.7708333333333333,0.35416666666666663,0.1875,0.3333333333333333,0.6666666666666666,0.5,0.75,0.3125,0.16666666666666666,0.3333333333333333
contraceptive-method-choice,xgb,PSO,0.7708333333333333,0.5833333333333333,0.5833333333333333,0.25,0.125,0.1875,0.6875,0.5208333333333333,0.5833333333333333,0.20833333333333331,0.10416666666666666,0.1875
contraceptive-method-choice,xgb,WOA,0.6041666666666666,0.8958333333333333,0.5833333333333333,0.0,0.3125,0.4583333333333333,0.6041666666666666,0.8541666666666666,0.5625,0.0,0.3125,0.4583333333333333
credit-approval,rf,AP,0.8571428571428571,0.5285714285714286,0.5428571428571428,0.2285714285714286,0.21428571428571427,0.14285714285714285,0.8571428571428571,0.5285714285714286,0.5428571428571428,0.2285714285714286,0.21428571428571427,0.14285714285714285
credit-approval,rf,EvoCluster_PSO,0.8428571428571429,0.5428571428571428,0.4857142857142857,0.35714285714285715,0.2714285714285714,0.17142857142857143,0.8428571428571429,0.5428571428571428,0.4857142857142857,0.35714285714285715,0.2714285714285714,0.17142857142857143
credit-approval,rf,GWO,0.8571428571428571,0.6142857142857142,0.6,0.37142857142857144,0.1285714285714286,0.19999999999999998,0.8571428571428571,0.6142857142857142,0.6,0.37142857142857144,0.1285714285714286,0.19999999999999998
credit-approval,rf,PSO,0.9142857142857144,0.6285714285714284,0.6142857142857142,0.2857142857142857,0.15714285714285717,0.24285714285714285,0.9142857142857144,0.6285714285714284,0.6142857142857142,0.2857142857142857,0.15714285714285717,0.24285714285714285
credit-approval,rf,WOA,0.8571428571428571,0.6,0.5714285714285714,0.35714285714285715,0.22857142857142856,0.15714285714285717,0.8571428571428571,0.6,0.5714285714285714,0.35714285714285715,0.22857142857142856,0.15714285714285717
credit-approval,svm,AP,0.9833333333333334,0.7166666666666667,0.7000000000000001,0.5833333333333334,0.19999999999999998,0.08333333333333333,0.9833333333333334,0.7166666666666667,0.7000000000000001,0.5833333333333334,0.19999999999999998,0.08333333333333333
credit-approval,svm,EvoCluster_PSO,0.9500000000000001,0.7166666666666667,0.7333333333333334,0.48333333333333334,0.19999999999999998,0.11666666666666668,0.9500000000000001,0.7166666666666667,0.7333333333333334,0.48333333333333334,0.19999999999999998,0.11666666666666668
credit-approval,svm,GWO,0.9833333333333334,0.7333333333333334,0.75,0.5,0.13333333333333333,0.06666666666666667,0.9833333333333334,0.7333333333333334,0.75,0.5,0.13333333333333333,0.06666666666666667
credit-approval,svm,PSO,1.0,0.6833333333333332,0.6833333333333332,0.5,0.09999999999999999,0.06666666666666667,1.0,0.6833333333333332,0.6833333333333332,0.5,0.09999999999999999,0.06666666666666667
credit-approval,svm,WOA,0.9500000000000001,0.75,0.6999999999999998,0.31666666666666665,0.18333333333333335,0.08333333333333333,0.9500000000000001,0.75,0.6999999999999998,0.31666666666666665,0.18333333333333335,0.08333333333333333
credit-approval,xgb,AP,0.85,0.45,0.4875,0.275,0.125,0.1875,0.8125,0.41250000000000003,0.4625,0.275,0.125,0.1875
credit-approval,xgb,EvoCluster_PSO,0.875,0.4625,0.4375,0.25,0.125,0.125,0.8125,0.4,0.3875,0.25,0.125,0.125
credit-approval,xgb,GWO,0.8875000000000001,0.475,0.4625,0.2125,0.08750000000000001,0.1125,0.8875000000000001,0.45,0.4375,0.2125,0.08750000000000001,0.1
credit-approval,xgb,PSO,0.8375,0.4625,0.45,0.35,0.15000000000000002,0.17500000000000002,0.7625000000000001,0.4,0.41250000000000003,0.35,0.15000000000000002,0.17500000000000002
credit-approval,xgb,WOA,0.875,0.45,0.4875,0.2,0.1375,0.1625,0.8625,0.4375,0.4625,0.2,0.1375,0.1625
cylinder-bands,rf,AP,0.6833333333333332,0.0,0.0,0.21666666666666667,0.0,0.0,0.6833333333333332,0.0,0.0,0.21666666666666667,0.0,0.0
cylinder-bands,rf,EvoCluster_PSO,0.6833333333333332,0.0,0.0,0.06666666666666667,0.0,0.0,0.6833333333333332,0.0,0.0,0.06666666666666667,0.0,0.0
cylinder-bands,rf,GWO,0.65,0.0,0.0,0.13333333333333333,0.0,0.0,0.65,0.0,0.0,0.13333333333333333,0.0,0.0
cylinder-bands,rf,PSO,0.7166666666666667,0.0,0.0,0.19999999999999998,0.0,0.0,0.6833333333333332,0.0,0.0,0.19999999999999998,0.0,0.0
cylinder-bands,rf,WOA,0.7166666666666667,0.0,0.016666666666666666,0.21666666666666667,0.0,0.0,0.7166666666666667,0.0,0.0,0.21666666666666667,0.0,0.0
cylinder-bands,svm,AP,0.93,0.0,0.0,0.25,0.0,0.0,0.93,0.0,0.0,0.25,0.0,0.0
cylinder-bands,svm,EvoCluster_PSO,0.9200000000000002,0.0,0.0,0.21000000000000002,0.0,0.0,0.9200000000000002,0.0,0.0,0.21000000000000002,0.0,0.0
cylinder-bands,svm,GWO,0.93,0.0,0.0,0.13999999999999999,0.0,0.0,0.93,0.0,0.0,0.13999999999999999,0.0,0.0
cylinder-bands,svm,PSO,0.95,0.0,0.0,0.42000000000000004,0.0,0.0,0.95,0.0,0.0,0.42000000000000004,0.0,0.0
cylinder-bands,svm,WOA,0.96,0.0,0.0,0.39,0.0,0.0,0.96,0.0,0.0,0.39,0.0,0.0
cylinder-bands,xgb,AP,0.74,0.02,0.02,0.1,0.02,0.0,0.74,0.0,0.0,0.1,0.0,0.0
cylinder-bands,xgb,EvoCluster_PSO,0.76,0.02,0.02,0.13999999999999999,0.0,0.0,0.74,0.0,0.0,0.13999999999999999,0.0,0.0
cylinder-bands,xgb,GWO,0.8400000000000001,0.04,0.04,0.04,0.0,0.04,0.8400000000000001,0.04,0.04,0.04,0.0,0.04
cylinder-bands,xgb,PSO,0.8,0.02,0.02,0.04,0.02,0.0,0.78,0.0,0.0,0.04,0.0,0.0
cylinder-bands,xgb,WOA,0.74,0.02,0.02,0.04,0.0,0.0,0.72,0.0,0.0,0.04,0.0,0.0
diabetes,rf,AP,0.8333333333333334,0.7777777777777778,0.7222222222222222,0.8333333333333334,0.5,0.4444444444444444,0.8333333333333334,0.7777777777777778,0.7222222222222222,0.8333333333333334,0.5,0.4444444444444444
diabetes,rf,EvoCluster_PSO,0.8888888888888888,0.7222222222222222,0.6666666666666666,0.7777777777777778,0.3888888888888889,0.5,0.8888888888888888,0.7222222222222222,0.6666666666666666,0.7777777777777778,0.3888888888888889,0.5
diabetes,rf,GWO,0.7777777777777778,0.6111111111111112,0.6111111111111112,0.6666666666666666,0.5555555555555556,0.5555555555555556,0.7777777777777778,0.6111111111111112,0.6111111111111112,0.6666666666666666,0.5555555555555556,0.5555555555555556
diabetes,rf,PSO,0.8333333333333334,0.6666666666666666,0.6666666666666666,0.7222222222222222,0.5,0.4444444444444444,0.8333333333333334,0.6666666666666666,0.6666666666666666,0.7222222222222222,0.5,0.4444444444444444
diabetes,rf,WOA,0.8333333333333334,0.5,0.5,0.8333333333333334,0.3888888888888889,0.3888888888888889,0.8333333333333334,0.5,0.5,0.8333333333333334,0.3888888888888889,0.3888888888888889
diabetes,svm,AP,1.0,0.8888888888888888,0.8888888888888888,1.0,0.8888888888888888,0.8888888888888888,1.0,0.8888888888888888,0.8888888888888888,1.0,0.8888888888888888,0.8888888888888888
diabetes,svm,EvoCluster_PSO,1.0,0.7777777777777778,0.7777777777777778,0.7777777777777778,0.5555555555555556,0.7777777777777778,1.0,0.7777777777777778,0.7777777777777778,0.7777777777777778,0.5555555555555556,0.7777777777777778
diabetes,svm,GWO,1.0,0.7222222222222222,0.7222222222222222,0.8888888888888888,0.5555555555555556,0.6666666666666666,1.0,0.7222222222222222,0.7222222222222222,0.8888888888888888,0.5555555555555556,0.6666666666666666
diabetes,svm,PSO,1.0,0.8333333333333334,0.8333333333333334,1.0,0.8333333333333334,0.8333333333333334,1.0,0.8333333333333334,0.8333333333333334,1.0,0.8333333333333334,0.8333333333333334
diabetes,svm,WOA,1.0,0.7777777777777778,0.7777777777777778,1.0,0.6111111111111112,0.6111111111111112,1.0,0.7777777777777778,0.7777777777777778,1.0,0.6111111111111112,0.6111111111111112
diabetes,xgb,AP,0.65,0.65,0.7,0.5,0.3,0.45,0.65,0.6,0.7,0.5,0.25,0.45
diabetes,xgb,EvoCluster_PSO,0.6,0.6,0.55,0.45,0.25,0.35,0.6,0.55,0.55,0.45,0.2,0.35
diabetes,xgb,GWO,0.85,0.4,0.45,0.7,0.2,0.25,0.85,0.35,0.4,0.7,0.2,0.2
diabetes,xgb,PSO,0.7,0.5,0.55,0.45,0.3,0.5,0.7,0.45,0.55,0.45,0.3,0.5
diabetes,xgb,WOA,0.8,0.4,0.45,0.75,0.35,0.4,0.8,0.4,0.4,0.75,0.35,0.35
german-credit,rf,AP,0.7214285714285714,0.41428571428571426,0.4428571428571429,0.2285714285714286,0.09285714285714286,0.07142857142857142,0.7142857142857143,0.39285714285714285,0.43571428571428567,0.2285714285714286,0.09285714285714286,0.07142857142857142
german-credit,rf,EvoCluster_PSO,0.7571428571428571,0.4428571428571429,0.4428571428571429,0.2857142857142857,0.042857142857142864,0.05,0.7571428571428571,0.43571428571428567,0.43571428571428567,0.2857142857142857,0.042857142857142864,0.05
german-credit,rf,GWO,0.7642857142857142,0.40714285714285714,0.42857142857142855,0.17857142857142858,0.08571428571428573,0.07857142857142858,0.75,0.38571428571428573,0.42857142857142855,0.17857142857142858,0.08571428571428573,0.07857142857142858
german-credit,rf,PSO,0.7642857142857143,0.4785714285714286,0.4857142857142857,0.2857142857142857,0.05714285714285715,0.1,0.7642857142857143,0.4571428571428572,0.4785714285714286,0.2857142857142857,0.05714285714285715,0.1
german-credit,rf,WOA,0.7000000000000001,0.37857142857142856,0.39999999999999997,0.15714285714285717,0.07857142857142858,0.05714285714285715,0.7000000000000001,0.35714285714285715,0.37857142857142856,0.15714285714285717,0.0642857142857143,0.05714285714285715
german-credit,svm,AP,0.9500000000000001,0.3285714285714286,0.37142857142857144,0.5071428571428571,0.03571428571428571,0.021428571428571432,0.9500000000000001,0.3285714285714286,0.37142857142857144,0.5071428571428571,0.03571428571428571,0.021428571428571432
german-credit,svm,EvoCluster_PSO,0.9642857142857143,0.3,0.32142857142857145,0.55,0.028571428571428574,0.021428571428571432,0.9642857142857143,0.3,0.32142857142857145,0.55,0.028571428571428574,0.021428571428571432
german-credit,svm,GWO,0.9714285714285714,0.3,0.3071428571428571,0.5285714285714286,0.05714285714285715,0.042857142857142864,0.9714285714285714,0.3,0.3071428571428571,0.5285714285714286,0.05714285714285715,0.042857142857142864
german-credit,svm,PSO,0.9642857142857143,0.31428571428571433,0.33571428571428574,0.48571428571428577,0.028571428571428574,0.03571428571428571,0.9642857142857143,0.31428571428571433,0.33571428571428574,0.48571428571428577,0.028571428571428574,0.03571428571428571
german-credit,svm,WOA,0.9571428571428572,0.35000000000000003,0.37142857142857144,0.5571428571428572,0.042857142857142864,0.05714285714285715,0.9571428571428572,0.35000000000000003,0.37142857142857144,0.5571428571428572,0.042857142857142864,0.05714285714285715
german-credit,xgb,AP,0.7230769230769231,0.4,0.4153846153846154,0.11538461538461539,0.02307692307692308,0.04615384615384615,0.7,0.3692307692307692,0.4076923076923077,0.11538461538461539,0.02307692307692308,0.04615384615384615
german-credit,xgb,EvoCluster_PSO,0.7076923076923076,0.3923076923076923,0.46923076923076923,0.13076923076923078,0.03076923076923077,0.07692307692307693,0.7076923076923076,0.36153846153846153,0.43846153846153846,0.13076923076923078,0.03076923076923077,0.06153846153846154
german-credit,xgb,GWO,0.7461538461538461,0.38461538461538464,0.43076923076923074,0.19230769230769232,0.02307692307692308,0.06153846153846154,0.7307692307692307,0.37692307692307697,0.4153846153846154,0.19230769230769232,0.02307692307692308,0.06153846153846154
german-credit,xgb,PSO,0.7615384615384616,0.38461538461538464,0.4461538461538461,0.13846153846153847,0.015384615384615385,0.08461538461538462,0.7538461538461539,0.36153846153846153,0.43846153846153846,0.13846153846153847,0.015384615384615385,0.08461538461538462
german-credit,xgb,WOA,0.7153846153846154,0.4076923076923077,0.4230769230769231,0.1,0.0,0.06153846153846154,0.6846153846153846,0.37692307692307697,0.4153846153846154,0.1,0.0,0.06153846153846154
heart-disease,rf,AP,0.875,0.875,0.75,0.5,0.6875,0.5625,0.875,0.875,0.75,0.5,0.6875,0.5625
heart-disease,rf,EvoCluster_PSO,0.9375,0.8125,0.8125,0.25,0.1875,0.5,0.9375,0.8125,0.8125,0.25,0.1875,0.5
heart-disease,rf,GWO,0.875,0.8125,0.75,0.6875,0.4375,0.375,0.875,0.8125,0.75,0.6875,0.4375,0.375
heart-disease,rf,PSO,0.75,0.875,0.6875,0.3125,0.625,0.375,0.75,0.875,0.6875,0.3125,0.625,0.375
heart-disease,rf,WOA,0.8125,0.75,0.625,0.1875,0.1875,0.375,0.8125,0.75,0.625,0.1875,0.1875,0.375
heart-disease,svm,AP,0.9375,0.625,0.625,0.4375,0.3125,0.375,0.9375,0.625,0.625,0.4375,0.3125,0.375
heart-disease,svm,EvoCluster_PSO,1.0,0.9375,0.9375,0.875,0.4375,0.4375,1.0,0.9375,0.9375,0.875,0.4375,0.4375
heart-disease,svm,GWO,0.875,0.625,0.75,0.625,0.3125,0.5,0.875,0.625,0.75,0.625,0.3125,0.5
heart-disease,svm,PSO,0.875,0.625,0.6875,0.5,0.3125,0.3125,0.875,0.625,0.6875,0.5,0.3125,0.3125
heart-disease,svm,WOA,0.8125,0.75,0.9375,0.6875,0.3125,0.5,0.8125,0.75,0.9375,0.6875,0.3125,0.5
heart-disease,xgb,AP,0.75,0.5625,0.625,0.3125,0.125,0.1875,0.75,0.5625,0.625,0.3125,0.125,0.1875
heart-disease,xgb,EvoCluster_PSO,0.875,0.625,0.625,0.25,0.25,0.125,0.875,0.625,0.625,0.25,0.25,0.125
heart-disease,xgb,GWO,0.6875,0.5625,0.375,0.1875,0.1875,0.1875,0.6875,0.5,0.375,0.1875,0.1875,0.1875
heart-disease,xgb,PSO,0.875,0.5,0.625,0.375,0.0,0.0,0.875,0.5,0.625,0.375,0.0,0.0
heart-disease,xgb,WOA,0.75,0.5,0.75,0.0,0.25,0.0,0.75,0.5,0.75,0.0,0.25,0.0
hill_valley,rf,AP,0.42500000000000004,0.2892857142857143,0.4869047619047619,0.0642857142857143,0.06071428571428572,0.04642857142857143,0.42500000000000004,0.28690476190476194,0.48571428571428565,0.0642857142857143,0.05952380952380952,0.04642857142857143
hill_valley,rf,EvoCluster_PSO,0.485,0.38,0.65,0.11000000000000001,0.08,0.10500000000000001,0.485,0.38,0.65,0.11000000000000001,0.08,0.10500000000000001
hill_valley,rf,GWO,0.5,0.395,0.655,0.11000000000000001,0.09,0.13,0.5,0.395,0.655,0.11000000000000001,0.09,0.13
hill_valley,rf,PSO,0.515,0.41500000000000004,0.6649999999999999,0.1,0.095,0.13,0.515,0.41500000000000004,0.6649999999999999,0.1,0.095,0.13
hill_valley,rf,WOA,0.5,0.2,0.6,0.1,0.0,0.0,0.5,0.2,0.6,0.1,0.0,0.0
hill_valley,svm,AP,0.58,0.644,0.628,0.07600000000000001,0.128,0.04800000000000001,0.528,0.552,0.628,0.07600000000000001,0.124,0.04800000000000001
hill_valley,svm,EvoCluster_PSO,0.705,0.835,0.77,0.13,0.035,0.2,0.705,0.835,0.77,0.13,0.035,0.2
hill_valley,svm,GWO,0.62,0.78,0.71,0.19,0.02,0.18,0.62,0.78,0.71,0.19,0.02,0.18
hill_valley,svm,PSO,0.72,0.8400000000000001,0.78,0.12000000000000002,0.04,0.2,0.72,0.8400000000000001,0.78,0.12000000000000002,0.04,0.2
hill_valley,svm,WOA,0.9,0.885,0.9,0.030000000000000006,0.13,0.17,0.9,0.885,0.9,0.030000000000000006,0.13,0.17
hill_valley,xgb,AP,0.5244444444444444,0.4166666666666667,0.62,0.09222222222222223,0.043333333333333335,0.12111111111111111,0.5166666666666667,0.3922222222222222,0.6177777777777778,0.09222222222222223,0.03888888888888889,0.12111111111111111
hill_valley,xgb,EvoCluster_PSO,0.43,0.53,0.6649999999999999,0.1,0.030000000000000006,0.075,0.375,0.475,0.6649999999999999,0.1,0.015000000000000003,0.075
hill_valley,xgb,GWO,0.43,0.53,0.69,0.1,0.030000000000000006,0.09,0.365,0.465,0.69,0.1,0.015000000000000003,0.09
hill_valley,xgb,PSO,0.47000000000000003,0.5700000000000001,0.7,0.1,0.07,0.1,0.4,0.5,0.7,0.1,0.035,0.1
hill_valley,xgb,WOA,0.3,0.4,0.8,0.0,0.0,0.0,0.3,0.4,0.8,0.0,0.0,0.0
horse-colic,rf,AP,0.875,0.5416666666666666,0.625,0.4166666666666667,0.25,0.25,0.875,0.5416666666666666,0.5833333333333334,0.4166666666666667,0.25,0.25
horse-colic,rf,EvoCluster_PSO,0.875,0.625,0.6666666666666666,0.4583333333333333,0.125,0.20833333333333334,0.875,0.625,0.625,0.4583333333333333,0.125,0.20833333333333334
horse-colic,rf,GWO,0.7916666666666666,0.5416666666666666,0.6666666666666666,0.3333333333333333,0.20833333333333334,0.25,0.7916666666666666,0.5416666666666666,0.5833333333333334,0.3333333333333333,0.20833333333333334,0.25
horse-colic,rf,PSO,0.75,0.6666666666666666,0.7916666666666666,0.4583333333333333,0.16666666666666666,0.25,0.75,0.6666666666666666,0.75,0.4583333333333333,0.16666666666666666,0.25
horse-colic,rf,WOA,0.875,0.5,0.625,0.375,0.125,0.125,0.875,0.5,0.5,0.375,0.125,0.125
horse-colic,svm,AP,0.96875,0.625,0.65625,0.6875,0.25,0.1875,0.96875,0.59375,0.625,0.6875,0.25,0.1875
horse-colic,svm,EvoCluster_PSO,0.96875,0.75,0.75,0.71875,0.1875,0.1875,0.96875,0.75,0.75,0.71875,0.1875,0.1875
horse-colic,svm,GWO,0.90625,0.625,0.59375,0.8125,0.1875,0.1875,0.90625,0.625,0.59375,0.8125,0.1875,0.1875
horse-colic,svm,PSO,0.90625,0.65625,0.59375,0.75,0.125,0.15625,0.90625,0.625,0.5625,0.75,0.125,0.15625
horse-colic,svm,WOA,0.9375,0.6875,0.65625,0.8125,0.25,0.25,0.9375,0.6875,0.65625,0.8125,0.25,0.25
horse-colic,xgb,AP,0.75,0.5625,0.625,0.1875,0.0625,0.25,0.6875,0.5,0.625,0.1875,0.0625,0.25
horse-colic,xgb,EvoCluster_PSO,0.875,0.625,0.6875,0.25,0.0,0.0625,0.875,0.5625,0.5625,0.25,0.0,0.0625
horse-colic,xgb,GWO,0.75,0.5625,0.5625,0.25,0.0625,0.125,0.6875,0.5,0.5625,0.25,0.0625,0.125
horse-colic,xgb,PSO,0.875,0.6875,0.8125,0.3125,0.0625,0.1875,0.875,0.625,0.6875,0.3125,0.0625,0.1875
horse-colic,xgb,WOA,0.75,0.75,1.0,0.25,0.0,0.125,0.75,0.75,0.875,0.25,0.0,0.125
isolet_bin,xgb,AP,0.9,0.55,0.55,0.4,0.2,0.35,0.9,0.5,0.5,0.4,0.2,0.30000000000000004
isolet_bin,xgb,EvoCluster_PSO,0.9,0.6,0.6,0.0,0.1,0.1,0.9,0.4,0.4,0.0,0.0,0.1
isolet_bin,xgb,GWO,0.9,0.6,0.6,0.0,0.1,0.1,0.9,0.4,0.4,0.0,0.0,0.1
isolet_bin,xgb,PSO,0.9,0.6,0.6,0.0,0.1,0.1,0.9,0.4,0.4,0.0,0.0,0.1
isolet_bin,xgb,WOA,0.9,0.6,0.6,0.0,0.1,0.1,0.9,0.4,0.4,0.0,0.0,0.1
kc1,rf,AP,0.4242424242424242,0.36363636363636365,0.5151515151515151,0.10606060606060605,0.13636363636363635,0.045454545454545456,0.3939393939393939,0.3181818181818182,0.5,0.10606060606060605,0.09090909090909091,0.045454545454545456
kc1,rf,EvoCluster_PSO,0.4090909090909091,0.303030303030303,0.45454545454545453,0.13636363636363635,0.1212121212121212,0.0,0.4090909090909091,0.303030303030303,0.45454545454545453,0.13636363636363635,0.1212121212121212,0.0
kc1,rf,GWO,0.3939393939393939,0.3181818181818182,0.4848484848484848,0.10606060606060605,0.1212121212121212,0.0,0.3939393939393939,0.3181818181818182,0.4848484848484848,0.10606060606060605,0.1212121212121212,0.0
kc1,rf,PSO,0.4393939393939394,0.28787878787878785,0.4848484848484848,0.10606060606060605,0.13636363636363635,0.0,0.4393939393939394,0.28787878787878785,0.4848484848484848,0.10606060606060605,0.13636363636363635,0.0
kc1,rf,WOA,0.45454545454545453,0.22727272727272727,0.3939393939393939,0.1212121212121212,0.16666666666666666,0.0,0.45454545454545453,0.22727272727272727,0.3939393939393939,0.1212121212121212,0.16666666666666666,0.0
kc1,svm,AP,0.9090909090909091,0.606060606060606,0.5757575757575757,0.3181818181818182,0.1212121212121212,0.09090909090909091,0.9090909090909091,0.606060606060606,0.5757575757575757,0.3181818181818182,0.1212121212121212,0.09090909090909091
kc1,svm,EvoCluster_PSO,0.9242424242424243,0.6666666666666666,0.6212121212121212,0.5,0.09090909090909091,0.07575757575757575,0.9242424242424243,0.6666666666666666,0.6212121212121212,0.5,0.09090909090909091,0.07575757575757575
kc1,svm,GWO,0.9242424242424242,0.6818181818181818,0.6666666666666666,0.5151515151515151,0.16666666666666666,0.10606060606060605,0.9242424242424242,0.6818181818181818,0.6666666666666666,0.5151515151515151,0.16666666666666666,0.10606060606060605
kc1,svm,PSO,0.9848484848484849,0.6666666666666666,0.6666666666666666,0.6515151515151515,0.07575757575757575,0.045454545454545456,0.9848484848484849,0.6666666666666666,0.6666666666666666,0.6515151515151515,0.07575757575757575,0.045454545454545456
kc1,svm,WOA,0.9545454545454546,0.6515151515151515,0.6212121212121212,0.606060606060606,0.0303030303030303,0.0303030303030303,0.9545454545454546,0.6515151515151515,0.6212121212121212,0.606060606060606,0.0303030303030303,0.0303030303030303
kc1,xgb,AP,0.619047619047619,0.5119047619047619,0.39285714285714285,0.20238095238095236,0.07142857142857142,0.11904761904761904,0.5833333333333333,0.4523809523809524,0.35714285714285715,0.19047619047619047,0.07142857142857142,0.10714285714285714
kc1,xgb,EvoCluster_PSO,0.39285714285714285,0.5,0.10714285714285714,0.21428571428571427,0.19047619047619047,0.011904761904761904,0.38095238095238093,0.39285714285714285,0.09523809523809523,0.20238095238095236,0.19047619047619047,0.011904761904761904
kc1,xgb,GWO,0.4404761904761904,0.4880952380952381,0.14285714285714285,0.15476190476190474,0.23809523809523808,0.03571428571428571,0.4404761904761904,0.41666666666666663,0.13095238095238096,0.15476190476190474,0.23809523809523808,0.023809523809523808
kc1,xgb,PSO,0.42857142857142855,0.5,0.14285714285714285,0.19047619047619047,0.2261904761904762,0.03571428571428571,0.41666666666666663,0.42857142857142855,0.13095238095238096,0.17857142857142858,0.2261904761904762,0.03571428571428571
kc1,xgb,WOA,0.4404761904761905,0.5,0.15476190476190474,0.16666666666666666,0.2261904761904762,0.047619047619047616,0.4404761904761905,0.4404761904761905,0.15476190476190474,0.16666666666666666,0.2261904761904762,0.047619047619047616
mammographic-mass,rf,AP,0.5909090909090909,0.3181818181818182,0.5909090909090909,0.5,0.2727272727272727,0.3181818181818182,0.5454545454545454,0.2727272727272727,0.5909090909090909,0.45454545454545453,0.22727272727272727,0.3181818181818182
mammographic-mass,rf,EvoCluster_PSO,0.6363636363636364,0.45454545454545453,0.5909090909090909,0.36363636363636365,0.4090909090909091,0.2727272727272727,0.5,0.2727272727272727,0.4090909090909091,0.36363636363636365,0.2727272727272727,0.22727272727272727
mammographic-mass,rf,GWO,0.6818181818181818,0.5909090909090909,0.6818181818181818,0.5909090909090909,0.5909090909090909,0.5,0.5,0.5,0.5909090909090909,0.5,0.5,0.5
mammographic-mass,rf,PSO,0.7272727272727273,0.5454545454545454,0.5909090909090909,0.6363636363636364,0.5454545454545454,0.5454545454545454,0.6818181818181818,0.5454545454545454,0.5909090909090909,0.5909090909090909,0.5454545454545454,0.5454545454545454
mammographic-mass,rf,WOA,0.7272727272727273,0.5909090909090909,0.7727272727272727,0.5454545454545454,0.5909090909090909,0.4090909090909091,0.4090909090909091,0.4090909090909091,0.5909090909090909,0.4090909090909091,0.4090909090909091,0.4090909090909091
mammographic-mass,svm,AP,0.95,0.9,0.85,0.75,0.65,0.75,0.95,0.9,0.85,0.75,0.65,0.75
mammographic-mass,svm,EvoCluster_PSO,1.0,0.95,0.95,0.8,0.8,0.8,1.0,0.95,0.95,0.8,0.8,0.8
mammographic-mass,svm,GWO,0.95,0.95,1.0,0.85,0.85,1.0,0.95,0.95,1.0,0.85,0.85,1.0
mammographic-mass,svm,PSO,1.0,0.9,0.9,0.8,0.8,0.8,1.0,0.9,0.9,0.8,0.8,0.8
mammographic-mass,svm,WOA,1.0,0.95,0.95,0.9,0.95,0.85,1.0,0.95,0.95,0.9,0.95,0.85
mammographic-mass,xgb,AP,0.8636363636363636,0.5909090909090909,0.5909090909090909,0.5909090909090909,0.22727272727272727,0.45454545454545453,0.8636363636363636,0.5,0.5,0.5909090909090909,0.22727272727272727,0.36363636363636365
mammographic-mass,xgb,EvoCluster_PSO,0.7727272727272727,0.5,0.5,0.4090909090909091,0.22727272727272727,0.45454545454545453,0.7727272727272727,0.36363636363636365,0.36363636363636365,0.4090909090909091,0.13636363636363635,0.3181818181818182
mammographic-mass,xgb,GWO,0.6363636363636364,0.36363636363636365,0.36363636363636365,0.45454545454545453,0.22727272727272727,0.2727272727272727,0.6363636363636364,0.22727272727272727,0.2727272727272727,0.45454545454545453,0.13636363636363635,0.18181818181818182
mammographic-mass,xgb,PSO,0.7727272727272727,0.45454545454545453,0.45454545454545453,0.4090909090909091,0.18181818181818182,0.45454545454545453,0.7727272727272727,0.2727272727272727,0.2727272727272727,0.4090909090909091,0.09090909090909091,0.2727272727272727
mammographic-mass,xgb,WOA,0.5454545454545454,0.5,0.5,0.45454545454545453,0.45454545454545453,0.5,0.5454545454545454,0.0,0.0,0.45454545454545453,0.0,0.0
ozone-level-8hr,rf,AP,0.6749999999999999,0.4625,0.5375,0.125,0.1125,0.125,0.6749999999999999,0.44999999999999996,0.525,0.125,0.1125,0.125
ozone-level-8hr,rf,EvoCluster_PSO,0.7,0.6124999999999999,0.65,0.2,0.0875,0.07500000000000001,0.7,0.6124999999999999,0.65,0.2,0.0875,0.07500000000000001
ozone-level-8hr,rf,GWO,0.7125,0.6,0.6125,0.1125,0.1625,0.1375,0.7125,0.6,0.6125,0.1125,0.1625,0.1375
ozone-level-8hr,rf,PSO,0.725,0.5625,0.6749999999999999,0.08750000000000001,0.17500000000000002,0.125,0.725,0.5625,0.6749999999999999,0.08750000000000001,0.17500000000000002,0.125
ozone-level-8hr,rf,WOA,0.725,0.6124999999999999,0.6375,0.15,0.1625,0.07500000000000001,0.725,0.6124999999999999,0.6375,0.15,0.1625,0.07500000000000001
ozone-level-8hr,svm,AP,0.7111111111111111,0.5888888888888889,0.7,0.07777777777777778,0.1,0.05555555555555555,0.7111111111111111,0.5888888888888889,0.7,0.07777777777777778,0.1,0.05555555555555555
ozone-level-8hr,svm,EvoCluster_PSO,0.8444444444444446,0.7111111111111111,0.8111111111111112,0.1111111111111111,0.1111111111111111,0.1,0.8444444444444446,0.7111111111111111,0.8111111111111112,0.1111111111111111,0.1111111111111111,0.1
ozone-level-8hr,svm,GWO,0.8777777777777778,0.7333333333333333,0.7777777777777778,0.06666666666666668,0.15555555555555556,0.1,0.8777777777777778,0.7333333333333333,0.7777777777777778,0.06666666666666668,0.15555555555555556,0.1
ozone-level-8hr,svm,PSO,0.8888888888888888,0.7555555555555555,0.8,0.2,0.08888888888888889,0.07777777777777778,0.8888888888888888,0.7555555555555555,0.8,0.2,0.08888888888888889,0.07777777777777778
ozone-level-8hr,svm,WOA,0.8999999999999999,0.7333333333333333,0.788888888888889,0.1,0.12222222222222223,0.06666666666666668,0.8999999999999999,0.7333333333333333,0.788888888888889,0.1,0.12222222222222223,0.06666666666666668
ozone-level-8hr,xgb,AP,0.5222222222222223,0.4444444444444444,0.5555555555555556,0.07777777777777778,0.04444444444444444,0.05555555555555555,0.5222222222222223,0.43333333333333335,0.5333333333333333,0.07777777777777778,0.04444444444444444,0.05555555555555555
ozone-level-8hr,xgb,EvoCluster_PSO,0.4555555555555555,0.3888888888888889,0.5111111111111111,0.03333333333333334,0.022222222222222223,0.022222222222222223,0.4555555555555555,0.37777777777777777,0.5,0.03333333333333334,0.011111111111111112,0.022222222222222223
ozone-level-8hr,xgb,GWO,0.43333333333333335,0.37777777777777777,0.5111111111111111,0.06666666666666668,0.0,0.044444444444444446,0.43333333333333335,0.37777777777777777,0.5111111111111111,0.06666666666666668,0.0,0.044444444444444446
ozone-level-8hr,xgb,PSO,0.5222222222222223,0.3888888888888889,0.5666666666666667,0.06666666666666668,0.022222222222222223,0.03333333333333334,0.5222222222222223,0.37777777777777777,0.5555555555555556,0.06666666666666668,0.011111111111111112,0.03333333333333334
ozone-level-8hr,xgb,WOA,0.5,0.4444444444444444,0.6000000000000001,0.07777777777777778,0.011111111111111112,0.06666666666666668,0.5,0.4444444444444444,0.5888888888888889,0.07777777777777778,0.011111111111111112,0.06666666666666668
phoneme,rf,AP,0.5588235294117647,0.7058823529411765,0.5294117647058824,0.38235294117647056,0.5,0.2647058823529412,0.5588235294117647,0.6470588235294118,0.5,0.38235294117647056,0.4411764705882353,0.23529411764705882
phoneme,rf,EvoCluster_PSO,0.7941176470588235,0.6764705882352942,0.5882352941176471,0.20588235294117646,0.5,0.29411764705882354,0.7352941176470589,0.5294117647058824,0.5294117647058824,0.20588235294117646,0.4411764705882353,0.29411764705882354
phoneme,rf,GWO,0.7058823529411765,0.8235294117647058,0.6470588235294118,0.4411764705882353,0.47058823529411764,0.5588235294117647,0.6764705882352942,0.7647058823529411,0.6176470588235294,0.4411764705882353,0.4411764705882353,0.5588235294117647
phoneme,rf,PSO,0.5882352941176471,0.5882352941176471,0.6176470588235294,0.29411764705882354,0.5,0.4411764705882353,0.5882352941176471,0.5294117647058824,0.5588235294117647,0.29411764705882354,0.4411764705882353,0.4117647058823529
phoneme,rf,WOA,0.7941176470588235,0.7941176470588235,0.7058823529411765,0.29411764705882354,0.4411764705882353,0.6176470588235294,0.7941176470588235,0.7647058823529411,0.6764705882352942,0.29411764705882354,0.4117647058823529,0.5882352941176471
phoneme,svm,AP,0.96,0.8,0.78,0.86,0.72,0.78,0.96,0.8,0.78,0.86,0.72,0.78
phoneme,svm,EvoCluster_PSO,0.9,0.7,0.7,0.8,0.65,0.625,0.9,0.7,0.7,0.8,0.65,0.625
phoneme,svm,GWO,0.925,0.775,0.775,0.875,0.725,0.725,0.925,0.775,0.775,0.875,0.725,0.725
phoneme,svm,PSO,0.9,0.725,0.725,0.825,0.725,0.675,0.9,0.725,0.725,0.825,0.725,0.675
phoneme,svm,WOA,1.0,0.9,0.9,1.0,0.9,0.9,1.0,0.9,0.9,1.0,0.9,0.9
phoneme,xgb,AP,0.5588235294117647,0.47058823529411764,0.5294117647058824,0.2647058823529412,0.23529411764705882,0.29411764705882354,0.5588235294117647,0.35294117647058826,0.4411764705882353,0.2647058823529412,0.20588235294117646,0.23529411764705882
phoneme,xgb,EvoCluster_PSO,0.4411764705882353,0.5,0.6470588235294118,0.11764705882352941,0.11764705882352941,0.5882352941176471,0.38235294117647056,0.4117647058823529,0.4117647058823529,0.11764705882352941,0.08823529411764706,0.35294117647058826
phoneme,xgb,GWO,0.5882352941176471,0.4411764705882353,0.6176470588235294,0.2647058823529412,0.23529411764705882,0.5588235294117647,0.5588235294117647,0.35294117647058826,0.5294117647058824,0.23529411764705882,0.20588235294117646,0.47058823529411764
phoneme,xgb,PSO,0.5882352941176471,0.5588235294117647,0.5882352941176471,0.35294117647058826,0.23529411764705882,0.5,0.5294117647058824,0.47058823529411764,0.5,0.3235294117647059,0.20588235294117646,0.4411764705882353
phoneme,xgb,WOA,0.5294117647058824,0.5882352941176471,0.11764705882352941,0.47058823529411764,0.11764705882352941,0.11764705882352941,0.5294117647058824,0.11764705882352941,0.058823529411764705,0.47058823529411764,0.058823529411764705,0.058823529411764705
usps_bin,rf,AP,0.8000000000000002,0.6333333333333333,0.7000000000000001,0.19999999999999998,0.10000000000000002,0.03333333333333333,0.8000000000000002,0.6333333333333333,0.7000000000000001,0.19999999999999998,0.10000000000000002,0.03333333333333333
usps_bin,rf,EvoCluster_PSO,0.8000000000000002,0.8000000000000002,0.9,0.3,0.20000000000000004,0.0,0.8000000000000002,0.8000000000000002,0.9,0.3,0.20000000000000004,0.0
usps_bin,rf,GWO,0.8000000000000002,0.8000000000000002,0.9,0.3,0.20000000000000004,0.0,0.8000000000000002,0.8000000000000002,0.9,0.3,0.20000000000000004,0.0
usps_bin,rf,PSO,0.7666666666666666,0.7666666666666666,0.9,0.2333333333333333,0.13333333333333333,0.03333333333333333,0.7666666666666666,0.7666666666666666,0.9,0.2333333333333333,0.13333333333333333,0.03333333333333333
usps_bin,rf,WOA,0.8000000000000002,0.8000000000000002,0.9,0.3,0.20000000000000004,0.0,0.8000000000000002,0.8000000000000002,0.9,0.3,0.20000000000000004,0.0
usps_bin,svm,AP,0.6,0.42500000000000004,0.6,0.1,0.075,0.05,0.6,0.42500000000000004,0.6,0.1,0.075,0.05
usps_bin,svm,EvoCluster_PSO,0.675,0.475,0.625,0.1,0.125,0.0,0.675,0.475,0.625,0.1,0.125,0.0
usps_bin,svm,GWO,0.55,0.55,0.75,0.1,0.0,0.15,0.55,0.55,0.75,0.1,0.0,0.15
usps_bin,svm,PSO,0.6499999999999999,0.475,0.65,0.1,0.07500000000000001,0.0,0.6499999999999999,0.475,0.65,0.1,0.07500000000000001,0.0
usps_bin,svm,WOA,0.65,0.42500000000000004,0.6499999999999999,0.025,0.075,0.15000000000000002,0.65,0.42500000000000004,0.6499999999999999,0.025,0.075,0.15000000000000002
usps_bin,xgb,AP,0.7666666666666666,0.5,0.5333333333333333,0.13333333333333333,0.13333333333333333,0.10000000000000002,0.7666666666666666,0.5,0.5333333333333333,0.13333333333333333,0.13333333333333333,0.10000000000000002
usps_bin,xgb,EvoCluster_PSO,0.7333333333333334,0.6333333333333333,0.7000000000000001,0.10000000000000002,0.3,0.10000000000000002,0.7333333333333334,0.6333333333333333,0.7000000000000001,0.10000000000000002,0.3,0.10000000000000002
usps_bin,xgb,GWO,0.7666666666666666,0.5666666666666667,0.6,0.10000000000000002,0.3,0.10000000000000002,0.7666666666666666,0.5666666666666667,0.6,0.10000000000000002,0.3,0.10000000000000002
usps_bin,xgb,PSO,0.7666666666666666,0.5666666666666667,0.6,0.10000000000000002,0.3,0.10000000000000002,0.7666666666666666,0.5666666666666667,0.6,0.10000000000000002,0.3,0.10000000000000002
usps_bin,xgb,WOA,0.6999999999999998,0.6999999999999998,0.8000000000000002,0.10000000000000002,0.3,0.10000000000000002,0.6999999999999998,0.6999999999999998,0.8000000000000002,0.10000000000000002,0.3,0.10000000000000002
wdbc,rf,AP,0.7777777777777777,0.6666666666666666,0.7777777777777777,0.25925925925925924,0.1111111111111111,0.0,0.7777777777777777,0.6296296296296297,0.7407407407407408,0.25925925925925924,0.1111111111111111,0.0
wdbc,rf,EvoCluster_PSO,0.8148148148148148,0.5555555555555555,0.5925925925925926,0.25925925925925924,0.07407407407407407,0.0,0.8148148148148148,0.5555555555555555,0.5925925925925926,0.25925925925925924,0.07407407407407407,0.0
wdbc,rf,GWO,0.8888888888888888,0.6666666666666666,0.6666666666666666,0.25925925925925924,0.14814814814814814,0.0,0.8888888888888888,0.6296296296296297,0.6296296296296297,0.25925925925925924,0.14814814814814814,0.0
wdbc,rf,PSO,0.8888888888888888,0.5185185185185185,0.5555555555555555,0.2222222222222222,0.07407407407407407,0.037037037037037035,0.8888888888888888,0.40740740740740744,0.4444444444444444,0.2222222222222222,0.037037037037037035,0.0
wdbc,rf,WOA,0.8888888888888888,0.6296296296296297,0.6666666666666666,0.2222222222222222,0.14814814814814814,0.037037037037037035,0.8888888888888888,0.6296296296296297,0.6666666666666666,0.2222222222222222,0.14814814814814814,0.037037037037037035
wdbc,xgb,AP,0.7407407407407408,0.7037037037037037,0.7037037037037037,0.14814814814814814,0.07407407407407407,0.1851851851851852,0.7037037037037037,0.6666666666666666,0.6666666666666666,0.14814814814814814,0.07407407407407407,0.1851851851851852
wdbc,xgb,EvoCluster_PSO,0.8888888888888888,0.7777777777777778,0.7777777777777778,0.1111111111111111,0.0,0.1111111111111111,0.8888888888888888,0.6666666666666666,0.7777777777777778,0.1111111111111111,0.0,0.1111111111111111
wdbc,xgb,GWO,0.7777777777777777,0.6296296296296297,0.7037037037037037,0.1851851851851852,0.1111111111111111,0.1851851851851852,0.6296296296296297,0.5555555555555555,0.6296296296296297,0.1851851851851852,0.07407407407407407,0.14814814814814814
wdbc,xgb,PSO,0.8888888888888888,0.7037037037037037,0.7407407407407408,0.1851851851851852,0.037037037037037035,0.1111111111111111,0.7777777777777777,0.5925925925925926,0.7037037037037037,0.1851851851851852,0.0,0.07407407407407407
wdbc,xgb,WOA,0.8888888888888888,0.8518518518518517,0.8148148148148149,0.14814814814814814,0.0,0.1111111111111111,0.8518518518518517,0.7407407407407408,0.8148148148148149,0.14814814814814814,0.0,0.1111111111111111
