dataset,classifier,algo,num_clusters_mean,silhouette_mean,silhouette_std,ch_mean,ch_std,db_mean,db_std,n_trials
blood-transfusion,rf,GA,5.25,0.3539746934510183,0.07017068225768011,6.621491533827573,1.1156600579341385,0.3786282793997141,0.02317801445838911,4
blood-transfusion,rf,GWO,5.375,0.27505791982269207,0.11709600690370922,8.081199366131514,0.9585881418742093,0.43053640656967157,0.03529358923390746,8
blood-transfusion,rf,PSO,6.0,0.2432900140272951,0.03312104511243456,9.583666871793826,3.363660276053863,0.4525552403686061,0.04517784279353241,3
blood-transfusion,rf,WOA,3.727272727272727,0.390863420828166,0.044433642967289536,6.635396676969273,2.464892440667196,0.39014918756198785,0.04629632269912961,11
blood-transfusion,svm,GA,8.0,0.35494206162627734,,8.812876898124667,,0.3330035368598775,,1
blood-transfusion,svm,GWO,6.8,0.36938053661906334,0.004415343898514073,11.62468254291091,1.761276986597325,0.37952677441557536,0.03353234544675228,5
blood-transfusion,svm,PSO,7.25,0.3095429111294309,0.10665591294162068,10.904772142230916,1.0718815619320474,0.3867530697581552,0.028498139100398456,4
blood-transfusion,svm,WOA,5.722222222222222,0.38593185482934567,0.04623689864144213,8.741560365274857,2.318375507049282,0.36619668706842196,0.02738014831314592,18
blood-transfusion,xgb,GA,6.0,0.27688951957177677,0.05775901729257418,12.540636673380973,4.2730317968152285,0.45347368650545017,0.02818948484642552,2
blood-transfusion,xgb,GWO,5.75,0.32112870626920215,0.05072251600107086,7.502699743806567,1.466355855366767,0.38859058968524934,0.03593700024901872,4
blood-transfusion,xgb,PSO,6.25,0.3011481393135477,0.10937087169095187,8.9058005742674,5.084807764311625,0.3925821505833937,0.058497060720085155,4
blood-transfusion,xgb,WOA,3.6666666666666665,0.4198482161105854,0.025419924317458167,6.232969790915572,0.34216456736950385,0.3573133421082792,0.007674884715161592,18
column,rf,GA,4.0,0.19759604416375715,0.020982626516520587,2.6743868107375777,0.2786658785330571,0.49294763989030016,0.0101643489059439,2
column,rf,GWO,3.75,0.2094373345907579,0.036424540096910964,3.0698874517866845,0.7829642711436096,0.4938670432758457,0.029070447191080057,12
column,rf,PSO,4.0,0.19661077857933712,0.010548148720904276,2.9540882406004694,0.055103264977907115,0.4794267998344357,0.00422237334541697,4
column,rf,WOA,3.8181818181818183,0.21628172046822877,0.05056313736071657,3.3447980661331758,1.055619148258706,0.49278350686394445,0.018882899009402897,11
column,svm,GA,3.3333333333333335,0.3362667526425002,0.17618566270912697,4.649103487085108,0.6845085686843448,0.4317871034713634,0.04904739359515156,3
column,svm,GWO,2.5,0.3874001585153036,0.10117486783932723,4.858392853866436,0.3718236792223673,0.41716727295319006,0.027395390754073802,4
column,svm,PSO,2.7857142857142856,0.3561588027703358,0.13752177801734553,4.8431062467369275,0.7860991691839765,0.4429718698951138,0.08083650085388201,14
column,svm,WOA,2.5,0.3575978529553353,0.11094235153115424,4.37175330487733,1.0029659195380027,0.44533506989904426,0.056824292854724276,4
column,xgb,GA,4.0,0.2855766602987681,,4.067741340452188,,0.4087045042313115,,1
column,xgb,GWO,3.75,0.27975624879655936,0.011640823004417544,3.9016417359349687,0.332199209034439,0.4213558315232622,0.025302654583901445,4
column,xgb,PSO,4.0,0.2855766602987681,0.0,4.067741340452188,0.0,0.4087045042313115,3.204937810639273e-17,4
column,xgb,WOA,3.5294117647058822,0.2602972048063973,0.03374863467394207,3.715902279673396,0.3673640837065092,0.43292517933828784,0.025896395660611252,17
congressional-voting,rf,GA,2.0,0.1750337823513386,0.0,2.0973612374886264,0.0,0.5766041194884569,0.0,3
congressional-voting,rf,GWO,2.0,0.1750337823513386,0.0,2.0973612374886264,0.0,0.5766041194884569,0.0,5
congressional-voting,rf,PSO,2.0,0.1750337823513386,0.0,2.0973612374886264,0.0,0.5766041194884569,0.0,8
congressional-voting,rf,WOA,2.0,0.17503378235133857,0.0,2.0973612374886264,0.0,0.5766041194884569,0.0,13
congressional-voting,svm,GA,3.0,0.12361403436861718,0.0,2.137931034482759,0.0,0.5605363681345747,0.0,3
congressional-voting,svm,GWO,2.888888888888889,0.13046047790612544,0.020539330612524765,2.123037702938414,0.04467999463303378,0.5635222982688638,0.008957790402867065,9
congressional-voting,svm,PSO,3.0,0.12361403436861718,0.0,2.137931034482759,0.0,0.5605363681345747,0.0,4
congressional-voting,svm,WOA,2.923076923076923,0.12835387989458444,0.01708975608165352,2.12762026649052,0.037176002685429047,0.5626035505352364,0.007453332141322247,13
congressional-voting,xgb,GA,2.857142857142857,0.12162545092380403,0.053192640218459625,1.8696232138619913,0.020268283481873765,0.6393363979764016,0.016099028593149545,7
congressional-voting,xgb,GWO,2.5,0.12579286183493182,0.053187282959765485,1.7896631002652192,0.21153468921890026,0.6609542414928178,0.050829677104793754,8
congressional-voting,xgb,PSO,3.2,0.10456585362134048,0.054506236542995815,1.8761235257997495,0.020768810294927307,0.6341732223259351,0.016496595337377937,5
congressional-voting,xgb,WOA,2.75,0.1269565750808239,0.05150355242672425,1.8675918663814417,0.019624681095377003,0.6409498903671725,0.01558781740784627,8
contraceptive-method-choice,rf,GA,2.75,0.28005443645467065,0.060587998538995866,3.0880366224596223,0.0017272041291942486,0.5412892113382978,0.001079226126313217,4
contraceptive-method-choice,rf,GWO,7.125,0.06207601625968493,0.18472794480756435,4.997132481653062,1.9634105968947304,0.8673933822392724,0.27395530443499294,8
contraceptive-method-choice,rf,PSO,7.5,0.025012472313029548,0.07576042384343613,3.9285533018287397,1.7024620057217714,0.7768456081459273,0.1256787298027716,4
contraceptive-method-choice,rf,WOA,2.6666666666666665,0.2437225597577475,0.09442948270311292,3.1741284250120603,1.1895313456641092,0.6026190304976382,0.1005370000670421,9
contraceptive-method-choice,svm,GA,9.5,0.12496478813672354,0.14975844233021735,3.8924114188022436,1.594972654793339,0.6484332596174527,0.10210155811092478,2
contraceptive-method-choice,svm,GWO,8.75,0.03723132235131412,0.1548750521411774,4.192748722229875,2.3582008968664945,0.8371877705050699,0.2320468650592631,8
contraceptive-method-choice,svm,PSO,11.8,-0.012454950083127464,0.06175697848635817,6.378584652308356,2.1306693235267953,1.0838865885913624,0.15189055412754904,5
contraceptive-method-choice,svm,WOA,4.384615384615385,0.16105824698547608,0.11965224728153336,2.8649202316354985,1.4617540328956147,0.6592247155937817,0.10928049067078319,13
contraceptive-method-choice,xgb,GA,2.0,0.29534557482983254,0.0,3.108164186659682,0.0,0.5406367885986013,0.0,8
contraceptive-method-choice,xgb,GWO,5.75,0.13507329380487265,0.1859054259259441,3.890873571613363,1.7213585633640145,0.8017939843118641,0.3397587129199187,4
contraceptive-method-choice,xgb,PSO,7.6,0.015743823897289278,0.0800191449182189,3.8008318827897254,1.1185553411077522,0.8160883023881074,0.13500135007358202,5
contraceptive-method-choice,xgb,WOA,2.125,0.26942017261450363,0.03507413828274176,2.8430273552141707,0.3021318161372058,0.56774193339048,0.03198952657494934,8
credit-approval,rf,GA,2.0,0.35629762958914596,0.0,3.692676424074119,0.0,0.4828193925934168,0.0,4
credit-approval,rf,GWO,2.0,0.35629762958914596,0.0,3.692676424074119,0.0,0.4828193925934168,0.0,4
credit-approval,rf,PSO,2.0,0.35629762958914596,0.0,3.692676424074119,0.0,0.4828193925934168,0.0,9
credit-approval,rf,WOA,2.0,0.35629762958914596,0.0,3.692676424074119,0.0,0.4828193925934168,0.0,9
credit-approval,svm,GA,2.0,0.317640782147672,0.0,3.2088072943619874,0.0,0.5276766694695795,0.0,3
credit-approval,svm,GWO,2.0,0.317640782147672,0.0,3.2088072943619874,0.0,0.5276766694695795,0.0,4
credit-approval,svm,PSO,2.0,0.317640782147672,0.0,3.2088072943619874,0.0,0.5276766694695795,0.0,8
credit-approval,svm,WOA,2.0,0.3129898105157213,0.017402342362364362,3.157985890540918,0.19015628101332557,0.5325600900651396,0.018272086744101648,14
credit-approval,xgb,GA,2.0,0.3971315213714064,0.0,4.336988769989628,0.0,0.4498849070763609,0.0,4
credit-approval,xgb,GWO,2.0,0.3971315213714064,0.0,4.336988769989628,0.0,0.4498849070763609,0.0,9
credit-approval,xgb,PSO,2.0,0.3971315213714064,0.0,4.336988769989628,0.0,0.4498849070763609,0.0,8
credit-approval,xgb,WOA,2.0,0.3971315213714064,0.0,4.336988769989628,0.0,0.4498849070763609,0.0,4
cylinder-bands,rf,GA,2.0,0.08547899291312644,0.0,1.3840294374030429,0.0,0.8162835199820626,0.0,2
cylinder-bands,rf,GWO,2.0,0.08547899291312644,0.0,1.3840294374030429,0.0,0.8162835199820625,0.0,14
cylinder-bands,rf,PSO,2.0,0.08547899291312644,0.0,1.3840294374030429,0.0,0.8162835199820626,0.0,8
cylinder-bands,rf,WOA,2.0,0.08547899291312644,0.0,1.3840294374030429,0.0,0.8162835199820626,0.0,4
cylinder-bands,svm,GA,2.25,0.11610000967210606,0.010261807548676663,1.58570802066018,0.005656323750611629,0.768926029653932,0.0007693297558021746,4
cylinder-bands,svm,GWO,2.75,0.09857135493013296,0.004271886837916218,1.552394551001042,0.08359591057011018,0.7782820523671804,0.021020034693903396,4
cylinder-bands,svm,PSO,2.5555555555555554,0.10982890505902587,0.010816894921375818,1.5891646629522203,0.0059622887450796426,0.7684558836920529,0.0008109447666920102,9
cylinder-bands,svm,WOA,2.25,0.11610000967210606,0.009500587688562549,1.58570802066018,0.005236738219137104,0.768926029653932,0.0007122609512747926,8
cylinder-bands,xgb,GA,3.0,0.07656897746871986,0.0,1.4538112566176689,0.0,0.7963111913405398,1.5700924586837752e-16,2
cylinder-bands,xgb,GWO,2.5,0.08509609227827034,0.01032632095329281,1.4413184005823223,0.020162630786860924,0.7994411820585099,0.005251987602860206,4
cylinder-bands,xgb,PSO,2.4615384615384617,0.08780426088259255,0.01082658999893501,1.4496473107999415,0.004012478589605837,0.7971689224304213,0.0008265303595297226,13
cylinder-bands,xgb,WOA,2.3333333333333335,0.09047932836208605,0.010432763170024638,1.4486558951290538,0.0038665211164614255,0.7973731441184884,0.0007964645834613555,9
diabetes,rf,GA,2.0,0.39230792901016465,0.0,4.527682671606711,0.0,0.442282219699346,0.0,2
diabetes,rf,GWO,2.125,0.34691429462654216,0.06284182816528411,3.9977181067471124,0.814980382403123,0.48104649222136586,0.05674431600928279,8
diabetes,rf,PSO,2.75,0.3125042404578905,0.15960737710454836,4.204858390386425,0.6456485624405708,0.4758620786001193,0.06715971780154667,4
diabetes,rf,WOA,2.1538461538461537,0.37543932947672337,0.060820600563090486,4.451301461850667,0.27539636825738645,0.448920236896021,0.023933711370023522,13
diabetes,svm,GA,2.0,0.3768430709531048,,4.21649573875533,,0.46193593869515537,,1
diabetes,svm,GWO,3.0,0.2788773618878933,0.195931418130423,4.0345867881596975,0.36381790119126517,0.6067581760623163,0.28964447473432187,4
diabetes,svm,PSO,2.125,0.35127731194907263,0.07231088623172874,4.1871682745267895,0.08295059532402657,0.5045124557794365,0.12042457579840045,8
diabetes,svm,WOA,2.0,0.3768430709531048,0.0,4.21649573875533,0.0,0.4619359386951554,0.0,13
diabetes,xgb,GA,2.0,0.4062152346768868,0.0,4.758638788970933,0.0,0.43285862446651546,0.0,2
diabetes,xgb,GWO,2.0,0.40621523467688686,0.0,4.758638788970933,0.0,0.43285862446651546,0.0,13
diabetes,xgb,PSO,2.4,0.3778532674827345,0.06341928662174345,4.590384395912475,0.37622826039168367,0.44585572912095117,0.02906240951799712,5
diabetes,xgb,WOA,2.0,0.4062152346768868,0.0,4.758638788970933,0.0,0.43285862446651546,0.0,4
german-credit,rf,GA,2.0,0.25177382559926265,0.0,2.5057616820199278,0.0,0.6091500518647087,0.0,3
german-credit,rf,GWO,2.0,0.25177382559926265,0.0,2.5057616820199278,0.0,0.6091500518647087,0.0,8
german-credit,rf,PSO,2.076923076923077,0.24700044898246912,0.017210654148949962,2.48639058409898,0.0698434868160114,0.6123950757681844,0.01170010007408796,13
german-credit,rf,WOA,2.2,0.23421715019210015,0.025337942262397533,2.408593871671873,0.2162825629203745,0.62353533689419,0.029969030508636432,5
german-credit,svm,GA,2.0,0.29956197043781263,0.0,2.9831599757170784,0.0,0.5596182606271302,0.0,4
german-credit,svm,GWO,2.0,0.2985228611932781,0.004284357171771811,2.9713885284818566,0.048534920317204265,0.5607547960493846,0.004686055593210864,17
german-credit,svm,PSO,2.0,0.29956197043781263,0.0,2.9831599757170784,0.0,0.5596182606271302,0.0,4
german-credit,svm,WOA,2.0,0.2758343697462573,0.04745520138311071,2.7597849742274447,0.446750002979267,0.5864841208674272,0.05373172048059394,4
german-credit,xgb,GA,2.0,0.28237814438127506,0.0,2.8150325285749687,0.0,0.57781422495807,0.0,3
german-credit,xgb,GWO,2.25,0.2390495595125094,0.06551541545210432,2.5587443116079776,0.33325650924753997,0.616312182150022,0.05559969042859522,4
german-credit,xgb,PSO,2.0,0.2785055887797538,0.011617666804563756,2.7789325603279895,0.10829990474093686,0.5818248916911373,0.012032000199201658,9
german-credit,xgb,WOA,2.076923076923077,0.2631669497645286,0.040748632972862756,2.685930530579939,0.222690920721776,0.5953878833965521,0.034562324506170264,13
heart-disease,rf,GA,4.0,0.11357861986075014,0.0,2.0564674499069517,0.0,0.6043224408590668,0.0,3
heart-disease,rf,GWO,3.875,0.09625943821803513,0.028103336667006398,2.006585189815126,0.0995587553124979,0.6167136259512882,0.014926307708756506,8
heart-disease,rf,PSO,4.0,0.09887668377691569,0.029403872167668894,2.057246366312961,0.00155783281201786,0.608252067214273,0.007859252710412592,4
heart-disease,rf,WOA,3.3846153846153846,0.10735501865638021,0.027086496402143966,1.9493572169497262,0.11330353380235876,0.628956652329787,0.020457352709376243,13
heart-disease,svm,GA,3.6666666666666665,0.12767104139385776,0.02302377312260112,2.4925797005028327,0.23422077628716428,0.5712366756427494,0.026691203060845457,3
heart-disease,svm,GWO,3.6363636363636362,0.13130375095700145,0.03143339819541145,2.542368315543717,0.16299303123403336,0.5626942061337881,0.015607124863364595,11
heart-disease,svm,PSO,4.0,0.11437825978376315,0.0,2.6278071287420306,3.1401849173675503e-16,0.5558265023705752,0.0,3
heart-disease,svm,WOA,3.1666666666666665,0.15247769135500958,0.017892781141572844,2.428555282699144,0.10707484569620564,0.5686327729503826,0.011488974471979755,12
heart-disease,xgb,GA,2.142857142857143,0.13270889548949547,0.028785497813795274,1.9002546067430477,0.015863855065933418,0.6715270882622174,0.004846818766965039,7
heart-disease,xgb,GWO,2.2,0.1198223465610437,0.03493109217212903,1.8006104022725988,0.15882409796376795,0.6933877489124946,0.03393591747663234,5
heart-disease,xgb,PSO,2.0,0.14358879100099486,0.0,1.906250580362938,0.0,0.6696951629611902,0.0,8
heart-disease,xgb,WOA,2.25,0.13164274191893885,0.03378852925723655,1.898245033374733,0.02264310624986894,0.6713157206503823,0.00458362932532679,8
hill_valley,rf,GWO,2.4444444444444446,0.7680430313751679,0.022495953803565182,24.423319477801716,0.009708666413643652,0.14462585286214236,0.0019328302421013379,9
hill_valley,rf,PSO,2.6153846153846154,0.758553680777612,0.028412603897005097,26.31002086324577,6.480055184880158,0.1565173741610978,0.024999804554990304,13
hill_valley,rf,WOA,2.0,0.775541682643023,0.0,24.4265556999396,0.0,0.14398157611477524,0.0,4
hill_valley,svm,GA,2.0,0.8916134019316849,0.0,69.31005645277152,0.0,0.07120605735271562,0.0,3
hill_valley,svm,GWO,2.0,0.8916134019316849,0.0,69.31005645277152,0.0,0.07120605735271562,0.0,13
hill_valley,svm,PSO,2.2,0.8864793897642589,0.011480000203675837,69.8370246053116,1.178336611057101,0.07241029001815788,0.0026927461006546363,5
hill_valley,svm,WOA,2.0,0.8916134019316849,0.0,69.31005645277152,0.0,0.07120605735271562,0.0,4
hill_valley,xgb,GA,2.0,0.8272113896197906,0.0,35.97165350637855,0.0,0.10914156568893443,0.0,2
hill_valley,xgb,GWO,2.5555555555555554,0.8136305580039552,0.027081029926839452,35.22934686030655,1.5191394282900887,0.11229087194350439,0.0063821780571571346,9
hill_valley,xgb,PSO,2.25,0.8132702712449766,0.02788223674962791,34.95071809215902,2.0418708284390563,0.11333252448657566,0.008381917595282439,4
hill_valley,xgb,WOA,2.0,0.8272113896197906,0.0,35.97165350637855,0.0,0.10914156568893443,0.0,13
horse-colic,rf,GA,3.0,0.13855808115787888,,1.9719088024683538,,0.6363205714399837,,1
horse-colic,rf,GWO,2.8,0.1299784898257884,0.019184549437722236,1.8768021956104104,0.21266483804370895,0.6577586265185387,0.04793694846103337,5
horse-colic,rf,PSO,2.5384615384615383,0.14051393479958196,0.002198825682692354,1.8883846433726044,0.09390020921253303,0.6563986687713459,0.022572361822203176,13
horse-colic,rf,WOA,2.25,0.1415045992132026,0.0018630861564892744,1.8180463452203433,0.1001044869250742,0.6721022954007861,0.022761326192244916,8
horse-colic,svm,GA,2.1666666666666665,0.22890246328670397,0.08119903765881237,2.495667031518206,0.4750229379315463,0.6004287412940847,0.07248809518627701,6
horse-colic,svm,GWO,2.0,0.262051831598225,0.0,2.6895943338598816,0.0,0.5708356003553053,0.0,9
horse-colic,svm,PSO,2.0,0.262051831598225,0.0,2.6895943338598816,0.0,0.5708356003553053,0.0,4
horse-colic,svm,WOA,2.0,0.262051831598225,0.0,2.6895943338598816,0.0,0.5708356003553053,0.0,8
horse-colic,xgb,GA,2.0,0.15240926485436723,0.0,1.838158594382359,0.0,0.6716114253611082,0.0,3
horse-colic,xgb,GWO,2.0,0.14932288279443792,0.011128108772747346,1.8144933242270131,0.0853263449928076,0.67629790781244,0.016897352779838826,13
horse-colic,xgb,PSO,2.0,0.15240926485436723,0.0,1.838158594382359,0.0,0.6716114253611082,0.0,8
horse-colic,xgb,WOA,2.0,0.15240926485436723,0.0,1.838158594382359,0.0,0.6716114253611082,0.0,4
kc1,rf,GA,2.0,0.6231266505493341,0.0,11.68456518514188,0.0,0.24431533205809278,0.0,7
kc1,rf,GWO,2.0,0.6231266505493341,0.0,11.68456518514188,0.0,0.24431533205809278,0.0,4
kc1,rf,PSO,2.0,0.6231266505493341,0.0,11.68456518514188,0.0,0.24431533205809278,0.0,4
kc1,rf,WOA,2.0,0.6231266505493342,0.0,11.68456518514188,0.0,0.2443153320580928,0.0,13
kc1,svm,GA,2.0,0.6491819761176709,0.0,14.052140878344693,0.0,0.22882080450541215,0.0,5
kc1,svm,GWO,2.0,0.6491819761176709,0.0,14.052140878344693,0.0,0.22882080450541212,0.0,9
kc1,svm,PSO,2.0,0.6491819761176709,0.0,14.052140878344693,0.0,0.22882080450541212,0.0,4
kc1,svm,WOA,2.0,0.6491819761176709,0.0,14.052140878344693,0.0,0.22882080450541212,0.0,8
kc1,xgb,GA,2.0,0.697838236670899,0.0,18.137711976709372,0.0,0.1938851814025876,0.0,2
kc1,xgb,GWO,2.0,0.697838236670899,0.0,18.137711976709372,0.0,0.1938851814025876,0.0,8
kc1,xgb,PSO,2.0,0.697838236670899,0.0,18.137711976709372,0.0,0.1938851814025876,0.0,8
kc1,xgb,WOA,2.0,0.697838236670899,0.0,18.137711976709372,0.0,0.1938851814025876,0.0,9
mammographic-mass,rf,GA,2.0,0.5300969434845552,0.0,7.359697757494918,0.0,0.33653774977157785,0.0,2
mammographic-mass,rf,GWO,2.0,0.5300969434845552,0.0,7.359697757494918,0.0,0.33653774977157785,0.0,9
mammographic-mass,rf,PSO,2.0,0.5300969434845552,0.0,7.359697757494918,0.0,0.33653774977157785,0.0,8
mammographic-mass,rf,WOA,2.0,0.5300969434845552,0.0,7.359697757494918,0.0,0.33653774977157785,0.0,8
mammographic-mass,svm,GA,3.3333333333333335,0.34840755479155067,0.14387574002571618,5.410797274423686,0.7629874230475584,0.45795514576819557,0.09713075750603113,3
mammographic-mass,svm,GWO,2.3076923076923075,0.4732016821515953,0.10139794582216118,6.29756765197302,0.07337498559924735,0.3863176721719751,0.09136962350096368,13
mammographic-mass,svm,PSO,3.5,0.3688361097617121,0.15870134250247406,6.38953153001327,1.1082258978177826,0.4929889681308677,0.15245731318834896,4
mammographic-mass,svm,WOA,2.0,0.5013244123737893,0.0,6.2772170925180575,0.0,0.3609762981294702,0.0,8
mammographic-mass,xgb,GA,4.0,0.4041110988073491,0.0,5.49323472956304,0.0,0.3922544098177725,0.0,2
mammographic-mass,xgb,GWO,4.25,0.3669878553998718,0.07424648681495463,5.227190757247895,0.5320879446302883,0.4063441012471984,0.028179382858851767,4
mammographic-mass,xgb,PSO,5.0,0.34034324461779064,0.07363277556397274,5.302731470243503,0.2199742160992707,0.4084701883305907,0.018724368178989842,4
mammographic-mass,xgb,WOA,2.7777777777777777,0.42057288212431926,0.03490449862468952,5.269158804487493,0.40240254094053834,0.40482315584213036,0.032423082742577075,18
ozone-level-8hr,rf,GA,2.0,0.43698814749899173,0.0,5.375414662278836,0.0,0.4049814787163541,0.0,5
ozone-level-8hr,rf,GWO,2.0,0.43698814749899173,0.0,5.375414662278836,0.0,0.40498147871635415,0.0,4
ozone-level-8hr,rf,PSO,2.0,0.43698814749899173,0.0,5.375414662278836,0.0,0.40498147871635415,0.0,4
ozone-level-8hr,rf,WOA,2.0,0.43698814749899173,0.0,5.375414662278836,0.0,0.40498147871635415,0.0,17
ozone-level-8hr,svm,GA,2.0,0.44039376133045227,0.0,5.39571100376614,0.0,0.4042486350716631,0.0,5
ozone-level-8hr,svm,GWO,2.0,0.44039376133045227,0.0,5.39571100376614,0.0,0.4042486350716631,0.0,4
ozone-level-8hr,svm,PSO,2.0,0.44039376133045227,0.0,5.39571100376614,0.0,0.4042486350716631,0.0,8
ozone-level-8hr,svm,WOA,2.0,0.44039376133045227,0.0,5.39571100376614,0.0,0.4042486350716631,0.0,9
ozone-level-8hr,xgb,GA,2.0,0.4378413569970361,0.0,5.306313793553344,0.0,0.4075500137006002,0.0,7
ozone-level-8hr,xgb,GWO,2.0,0.4378413569970361,0.0,5.306313793553344,0.0,0.4075500137006002,0.0,8
ozone-level-8hr,xgb,PSO,2.0,0.4378413569970361,0.0,5.306313793553344,0.0,0.4075500137006002,0.0,8
ozone-level-8hr,xgb,WOA,2.0,0.4378413569970361,0.0,5.306313793553344,0.0,0.4075500137006002,0.0,5
phoneme,rf,GA,14.0,0.06282969710365975,,12.808012497775827,,0.6757725303481698,,1
phoneme,rf,GWO,8.11111111111111,0.13991039650847098,0.13157031602804095,11.459923074590058,7.450416843054331,0.6580933225657714,0.17183949391358533,9
phoneme,rf,PSO,8.5,0.017705757444406667,0.07590514183338039,10.317976699290725,7.5079258654158885,0.7555507346380304,0.11029803421984619,4
phoneme,rf,WOA,3.076923076923077,0.3634236202519394,0.11930194542037988,6.140273285728984,3.7411935602036737,0.47665541928430427,0.13700268701081808,13
phoneme,svm,GA,3.142857142857143,0.43180947255431196,0.1764888310963539,8.606572151079257,2.515081769986609,0.4103068103643291,0.1484757379233767,7
phoneme,svm,GWO,5.4,0.24401682061562563,0.2652386361301979,6.673416322368979,1.301403929037143,0.516968446411853,0.22020089755101882,5
phoneme,svm,PSO,5.25,0.2052828333776066,0.05981744151134171,5.8698026440137445,0.8163108685881365,0.4984771063374337,0.09052135271148133,4
phoneme,svm,WOA,2.0,0.5488484186688647,0.037511686089379374,8.382276940809932,1.0034597587502554,0.32920478078510423,0.02727909767970922,13
phoneme,xgb,GA,10.75,0.17723236749443752,0.16029909132529363,11.48934917947299,5.900471918668031,0.6299386287409445,0.13108419818102718,4
phoneme,xgb,GWO,11.4,0.06840043366908352,0.07906323013843473,17.729035729323297,8.523142690734677,0.7839866649627965,0.08137994151283595,5
phoneme,xgb,PSO,10.75,0.035466680082037086,0.10793643318197692,14.34377628327163,6.357040074122757,0.8164084229613122,0.09498074359295697,4
phoneme,xgb,WOA,3.230769230769231,0.30264696286731896,0.13495436588937837,5.321645050482976,4.242169831488069,0.5317927330437822,0.12845306430689138,13
usps_bin,rf,GA,3.0,0.05399629272044974,0.0,1.5169603443615014,2.220446049250313e-16,0.6310664964149937,0.0,5
usps_bin,rf,GWO,3.0,0.050475841330978,0.010561354168415254,1.5132601567053863,0.011100562968344925,0.6332944537799932,0.006683872094998386,9
usps_bin,rf,PSO,3.0,0.05399629272044975,0.0,1.5169603443615012,1.6784994417006302e-16,0.6310664964149937,0.0,8
usps_bin,rf,WOA,3.0,0.05399629272044975,0.0,1.5169603443615014,2.220446049250313e-16,0.6310664964149937,0.0,4
usps_bin,svm,GA,2.0,0.28224362989157625,0.0,2.7977125185313567,0.0,0.5213615774138873,0.0,2
usps_bin,svm,GWO,2.0,0.28224362989157625,0.0,2.7977125185313567,0.0,0.5213615774138873,0.0,8
usps_bin,svm,PSO,2.0,0.28224362989157625,0.0,2.7977125185313567,0.0,0.5213615774138873,0.0,9
usps_bin,svm,WOA,2.0,0.28224362989157625,0.0,2.7977125185313567,0.0,0.5213615774138873,0.0,9
usps_bin,xgb,GA,2.0,0.15016933295406712,0.0,1.8821128476334619,0.0,0.627312985458152,0.0,4
usps_bin,xgb,GWO,2.0,0.15016933295406712,0.0,1.8821128476334619,0.0,0.627312985458152,0.0,9
usps_bin,xgb,PSO,2.0,0.15016933295406712,0.0,1.8821128476334619,0.0,0.627312985458152,0.0,8
usps_bin,xgb,WOA,2.0,0.15016933295406712,0.0,1.8821128476334619,0.0,0.627312985458152,0.0,4
wdbc,rf,GA,2.0,0.204910218269028,0.0,2.5758482302950974,0.0,0.549119322894502,0.0,6
wdbc,rf,GWO,2.0,0.204910218269028,0.0,2.5758482302950974,0.0,0.549119322894502,0.0,8
wdbc,rf,PSO,2.125,0.19310717978503256,0.03338403420255591,2.5277107183099394,0.13615344461661597,0.5524111257463695,0.009310624475538687,8
wdbc,rf,WOA,2.0,0.20491021826902803,0.0,2.5758482302950974,0.0,0.549119322894502,0.0,5
wdbc,xgb,GA,3.0,0.11277843201585983,0.0,2.58323168197903,0.0,0.5402715937509598,0.0,4
wdbc,xgb,GWO,3.0,0.11277843201585983,0.0,2.58323168197903,0.0,0.5402715937509598,0.0,8
wdbc,xgb,PSO,3.0,0.11277843201585983,0.0,2.58323168197903,0.0,0.5402715937509598,0.0,5
wdbc,xgb,WOA,3.0,0.11277843201585983,0.0,2.58323168197903,0.0,0.5402715937509598,0.0,9
