,dataset,classifier,method,pop_size,iterations,num_clusters_mean,silhouette_mean,silhouette_std,ch_mean,ch_std,db_mean,db_std,n_seeds
0,blood-transfusion,rf,AffinityPropagation,,,7.0,0.4110934623859931,0.0,52.836031357789565,0.0,0.815133634919192,0.0,10
1,blood-transfusion,rf,EvoCluster_PSO,20.0,30.0,5.6,0.26702204596326334,0.059928460728673964,10.875617887090785,7.8612929688383195,0.45651070699140506,0.03379864993863345,10
2,blood-transfusion,rf,EvoCluster_PSO,20.0,50.0,5.6,0.2917107538308093,0.0777631153716391,9.109301040335957,3.4031897443266836,0.4354142415373186,0.04030061259824922,10
3,blood-transfusion,rf,EvoCluster_PSO,50.0,30.0,4.8,0.33873124377729913,0.10251226975944923,9.436336090647682,2.9955520815854038,0.4360591485413627,0.04657637387031952,10
4,blood-transfusion,rf,EvoCluster_PSO,50.0,50.0,5.2,0.2833878401807071,0.10016829734027671,7.616138228417457,2.3101036942994506,0.42342009928568236,0.03705944144790787,10
5,blood-transfusion,rf,Meta_GWO,20.0,30.0,7.0,0.2691882292601363,0.05999382823747808,14.199711056024572,7.742383770031286,0.49946443422412345,0.06126040442284799,10
6,blood-transfusion,rf,Meta_GWO,20.0,50.0,7.0,0.28273773825312126,0.03213860694238191,10.901671525749002,3.201453577513551,0.47222887889089726,0.04460892197321743,10
7,blood-transfusion,rf,Meta_GWO,50.0,30.0,7.0,0.27138290519600256,0.09330721547335478,9.35097084352257,3.6266016905790477,0.44871261856844613,0.043245735070523116,10
8,blood-transfusion,rf,Meta_GWO,50.0,50.0,7.0,0.23722844094601533,0.08652195841985684,8.406519830018235,1.8608510179736606,0.4428030414296746,0.03222580117779996,10
9,blood-transfusion,rf,Meta_PSO,20.0,30.0,7.0,0.24367913382509881,0.05784012886669914,11.954198294982888,4.509334793575758,0.49506143867325525,0.040223992461492664,10
10,blood-transfusion,rf,Meta_PSO,20.0,50.0,7.0,0.23404532462061792,0.06749327493702557,10.240441975257621,5.152794032232835,0.4740585668249778,0.04316237036139366,10
11,blood-transfusion,rf,Meta_PSO,50.0,30.0,7.0,0.28474900111393653,0.0812324145525763,8.516059905047879,1.1355933698569696,0.44912557381432167,0.04120669273492919,10
12,blood-transfusion,rf,Meta_PSO,50.0,50.0,7.0,0.2701699545749068,0.10019738359436937,7.741978253374528,1.3604768286431634,0.43343664038005036,0.046333104533613466,10
13,blood-transfusion,rf,Meta_WOA,20.0,30.0,7.0,0.3784892552037054,0.06095729063865042,6.22463762559104,1.4594934327250884,0.392560104563261,0.031208907814388197,10
14,blood-transfusion,rf,Meta_WOA,20.0,50.0,7.0,0.410827662635767,0.023914873097588826,5.601985928754415,0.3452511917592051,0.37478806210755244,0.010246470616048841,10
15,blood-transfusion,rf,Meta_WOA,50.0,30.0,7.0,0.40603536905933063,0.023899280622489756,5.703851200099752,0.40999365685717243,0.37294367471389067,0.013692257496273896,10
16,blood-transfusion,rf,Meta_WOA,50.0,50.0,7.0,0.40603224448150244,0.01698310807543975,5.688102381766623,0.4371386841151384,0.37306441937082846,0.012584475044064337,10
17,blood-transfusion,svm,AffinityPropagation,,,9.0,0.4118655962918563,0.0,50.79398987348656,0.0,0.7821811573291788,0.0,10
18,blood-transfusion,svm,EvoCluster_PSO,20.0,30.0,6.5,0.3205583738188579,0.08512684631611801,14.57715579164758,6.135063707676916,0.4372718189610172,0.07382810699577604,10
19,blood-transfusion,svm,EvoCluster_PSO,20.0,50.0,6.6,0.35349258237874015,0.02678028471413366,11.820105260295716,1.925314462253189,0.3894397616716595,0.03966780151543097,10
20,blood-transfusion,svm,EvoCluster_PSO,50.0,30.0,6.6,0.3475746883713314,0.031179838931144264,11.335708630824751,2.4009673490099805,0.38713850858604937,0.03874388928325559,10
21,blood-transfusion,svm,EvoCluster_PSO,50.0,50.0,6.9,0.3512902882534289,0.08095621358377741,10.681686230938046,1.493165027374875,0.3687629297075531,0.03192391388603403,10
22,blood-transfusion,svm,Meta_GWO,20.0,30.0,9.0,0.291381135894201,0.09854515475872903,13.155891018142734,3.8253039605362593,0.4226240245485604,0.06961483138305359,10
23,blood-transfusion,svm,Meta_GWO,20.0,50.0,9.0,0.3137120077988174,0.06186120131457344,14.734841310603226,6.872258541435524,0.42640664829805724,0.059474205214052826,10
24,blood-transfusion,svm,Meta_GWO,50.0,30.0,9.0,0.3317895389940902,0.10635062975381838,10.717108885844855,1.91870199513696,0.38410511636446043,0.03530496436975941,10
25,blood-transfusion,svm,Meta_GWO,50.0,50.0,9.0,0.3479975572722071,0.05041942529000928,10.792843626089581,2.055393095373427,0.3668729417161793,0.04486751299686252,10
26,blood-transfusion,svm,Meta_PSO,20.0,30.0,9.0,0.3250135831613022,0.07843649915748939,14.998841281032497,7.808573502090681,0.43770874476836436,0.03262051902708595,10
27,blood-transfusion,svm,Meta_PSO,20.0,50.0,9.0,0.3309405037527361,0.08570166681106962,13.503647636373552,5.6015568236761535,0.3986344811952256,0.050097659853286916,10
28,blood-transfusion,svm,Meta_PSO,50.0,30.0,9.0,0.3114265768142468,0.08206714935545245,10.809213915088911,2.857949173340305,0.38905162823641193,0.03969183865882929,10
29,blood-transfusion,svm,Meta_PSO,50.0,50.0,9.0,0.32984875912176276,0.07710585589509338,12.539028282713359,2.695977481853931,0.40053633396788413,0.0426877464273289,10
30,blood-transfusion,svm,Meta_WOA,20.0,30.0,9.0,0.34498193962978274,0.08068890152424857,9.531559142445207,2.6781712294790982,0.40734665413927207,0.05351454212442291,10
31,blood-transfusion,svm,Meta_WOA,20.0,50.0,9.0,0.3748967624401321,0.040729182304784894,9.965306237222213,2.8993775084110833,0.39148943996749724,0.03340988754360068,10
32,blood-transfusion,svm,Meta_WOA,50.0,30.0,9.0,0.3794452806561186,0.05893823673716317,9.128816938334907,3.4216622460529047,0.38451690316781084,0.03553754812283794,10
33,blood-transfusion,svm,Meta_WOA,50.0,50.0,9.0,0.3865452783643049,0.044218653918763805,8.693033193222096,2.4530954863297696,0.3595695719598717,0.016037824750501,10
34,blood-transfusion,xgb,AffinityPropagation,,,8.0,0.4023082882225947,0.0,59.567785226692784,0.0,0.7578786830348536,0.0,10
35,blood-transfusion,xgb,EvoCluster_PSO,20.0,30.0,4.6,0.35965715600060266,0.058631539526212854,9.110675230775534,3.352447997600808,0.4078192611451292,0.03819442228237612,10
36,blood-transfusion,xgb,EvoCluster_PSO,20.0,50.0,4.5,0.3603577209233025,0.06724799432780164,8.592162918925416,2.9276288333068514,0.40129610181803066,0.039582023464936125,10
37,blood-transfusion,xgb,EvoCluster_PSO,50.0,30.0,5.8,0.3132086579305273,0.05264237281418588,7.967786300337217,2.4929146445938097,0.3976112816386638,0.03646483618266004,10
38,blood-transfusion,xgb,EvoCluster_PSO,50.0,50.0,5.0,0.3581789204035401,0.05828190029945085,8.127262690559657,2.2964583775094582,0.3868796016577817,0.03640029614971201,10
39,blood-transfusion,xgb,Meta_GWO,20.0,30.0,8.0,0.2817386424129514,0.032561326285936006,9.918652466842818,3.637639211048422,0.42426671940603083,0.05741002342528954,10
40,blood-transfusion,xgb,Meta_GWO,20.0,50.0,8.0,0.2749168270568024,0.05544684129969717,11.201848813100241,4.097553706548313,0.4269490493889032,0.04421534535269586,10
41,blood-transfusion,xgb,Meta_GWO,50.0,30.0,8.0,0.29693136156946076,0.048102912315871015,13.076778988590013,4.259860968889257,0.43545711042257695,0.049263546973651914,10
42,blood-transfusion,xgb,Meta_GWO,50.0,50.0,8.0,0.3336203520569865,0.050267041550619056,10.147862719908073,3.9215243424362796,0.40799418142040567,0.04065865400733377,10
43,blood-transfusion,xgb,Meta_PSO,20.0,30.0,8.0,0.2893020113929247,0.04321438081109265,14.14984545881193,4.216131568147806,0.4507456560629593,0.03237907746291486,10
44,blood-transfusion,xgb,Meta_PSO,20.0,50.0,8.0,0.28401464008052185,0.06551598441061954,11.58330010696843,4.3331904634238,0.4389059984423162,0.03988966616564986,10
45,blood-transfusion,xgb,Meta_PSO,50.0,30.0,8.0,0.29494436602946206,0.07216448477635967,11.014371722441844,3.277811141279531,0.42508813055943806,0.021442539461587203,10
46,blood-transfusion,xgb,Meta_PSO,50.0,50.0,8.0,0.2846795513144139,0.05091082005014463,9.897492977192119,3.078347192599668,0.42084425140379517,0.021799099071522925,10
47,blood-transfusion,xgb,Meta_WOA,20.0,30.0,8.0,0.33829533349561247,0.07634908029056107,9.110726443408604,3.597000505197671,0.4272794341419893,0.05601490493177392,10
48,blood-transfusion,xgb,Meta_WOA,20.0,50.0,8.0,0.386655320355677,0.06436335973416454,6.347396858191473,1.3836776128292338,0.381080895165609,0.027959324678486146,10
49,blood-transfusion,xgb,Meta_WOA,50.0,30.0,8.0,0.3897952186152093,0.042901314850277726,6.390258162304031,0.8390236015246196,0.37145307512899445,0.019200078090714334,10
50,blood-transfusion,xgb,Meta_WOA,50.0,50.0,8.0,0.421671581997139,0.02103292360639567,6.274620655925462,0.1795174956876601,0.356380400684542,0.002883498094153988,10
51,column,rf,AffinityPropagation,,,4.0,0.21921032747476094,0.0,6.884052932647867,0.0,0.9523197212125976,0.0,10
52,column,rf,EvoCluster_PSO,20.0,30.0,3.8,0.21791846033795675,0.053144225911087785,3.330683925962763,1.1367615326701643,0.49661222691079737,0.01824091731640136,10
53,column,rf,EvoCluster_PSO,20.0,50.0,3.8,0.21369920084959504,0.05435864055393279,3.352725231953926,1.1277817043384222,0.49492327757263055,0.0196504075425295,10
54,column,rf,EvoCluster_PSO,50.0,30.0,4.0,0.20596732799463485,0.0394152133614202,3.218545150826588,0.7886437786209326,0.4813153713443957,0.01003834037071139,10
55,column,rf,EvoCluster_PSO,50.0,50.0,3.9,0.19464509886863596,0.009795805538558307,2.922430295535159,0.11896837060846642,0.48351214585344504,0.01410471981001176,10
56,column,rf,Meta_GWO,20.0,30.0,4.0,0.23109952564644995,0.04986662187878802,3.759958336687169,1.525199851875047,0.5053885960870709,0.04003837536365476,10
57,column,rf,Meta_GWO,20.0,50.0,4.0,0.23522857554613452,0.05686512802994401,3.692355706300918,1.221358379513436,0.4893148877097325,0.01398753237932293,10
58,column,rf,Meta_GWO,50.0,30.0,4.0,0.2169064233383151,0.04081149686178501,3.572810358705028,1.3682509905449063,0.49341236198001326,0.03240576386468134,10
59,column,rf,Meta_GWO,50.0,50.0,4.0,0.22731778762570323,0.05143971833362288,3.8317569424333557,1.4625477506582567,0.4957231708245149,0.03262265892395887,10
60,column,rf,Meta_PSO,20.0,30.0,4.0,0.2610849101306319,0.05975260179398114,4.076999655541018,1.473077506190037,0.5067283360070064,0.026525076560919892,10
61,column,rf,Meta_PSO,20.0,50.0,4.0,0.2310171288982302,0.05288242441286912,4.18191583773544,1.7113490945045204,0.5097943208064333,0.041111106302851204,10
62,column,rf,Meta_PSO,50.0,30.0,4.0,0.21057753410577257,0.042805831895950885,3.605872317691772,1.350338414459995,0.49087893797276305,0.03331445460516709,10
63,column,rf,Meta_PSO,50.0,50.0,4.0,0.19766559345142756,0.010190479805964004,2.9485779141026787,0.053234811515997134,0.4798490371689774,0.004079200194100378,10
64,column,rf,Meta_WOA,20.0,30.0,4.0,0.2103879632434354,0.042647081468438854,2.774402647680435,0.9809535772366037,0.5312816521413509,0.037095202233312904,10
65,column,rf,Meta_WOA,20.0,50.0,4.0,0.21799802348840086,0.056528679272732085,3.1356868193436243,1.2702878580745245,0.5269380641247038,0.04357872716193649,10
66,column,rf,Meta_WOA,50.0,30.0,4.0,0.2209835704947276,0.0522880962194047,3.312293407784543,1.174091439215713,0.5033830092300501,0.03823901370954167,10
67,column,rf,Meta_WOA,50.0,50.0,4.0,0.1999448203492075,0.04127436193555671,3.0091585452808887,0.9107121284607,0.49878927049163907,0.02982959734714116,10
68,column,svm,AffinityPropagation,,,5.9,0.2146670651478814,0.01483826741175144,15.014046040456318,1.7773806022191319,1.151260122859436,0.06929936960431837,10
69,column,svm,EvoCluster_PSO,20.0,30.0,2.5,0.4053767596023385,0.07767499563191237,5.467286512832681,1.5473986289870805,0.42559860859535376,0.05542829074549444,10
70,column,svm,EvoCluster_PSO,20.0,50.0,2.1,0.42935093986827433,0.027311493470289147,4.9875285918331915,0.1795417978616227,0.40818472375457027,0.014910601424436863,10
71,column,svm,EvoCluster_PSO,50.0,30.0,2.4,0.41792682540983694,0.0634377154094122,5.40647145576592,1.145271861639804,0.42161383665935703,0.05737718515912279,10
72,column,svm,EvoCluster_PSO,50.0,50.0,2.0,0.43798759243496727,0.0,5.04430469347762,0.0,0.40346957757615315,0.0,10
73,column,svm,Meta_GWO,20.0,30.0,6.0,0.35511954169713744,0.13619122049660093,4.804115530750313,0.37216022353615485,0.4385777910014199,0.054482072795989184,10
74,column,svm,Meta_GWO,20.0,50.0,6.0,0.3561648443613927,0.1322958340197567,4.765423160604966,0.4616796009529,0.4374204054769944,0.06004795890737865,10
75,column,svm,Meta_GWO,50.0,30.0,6.0,0.40908744567159505,0.047239946974034684,4.715734031001436,0.6821870157659262,0.42510441502235474,0.04036080451154536,10
76,column,svm,Meta_GWO,50.0,50.0,6.0,0.42935093986827433,0.027311493470289147,4.9875285918331915,0.17954179786162278,0.40818472375457027,0.01491060142443686,10
77,column,svm,Meta_PSO,20.0,30.0,6.0,0.2880072952135162,0.1118141783340894,5.625635911957998,3.4039820769721243,0.49925546368844564,0.08803953571259175,10
78,column,svm,Meta_PSO,20.0,50.0,6.0,0.313749058785895,0.1301122030864157,4.512445998275574,0.6461976376922773,0.45739598189193886,0.062480773845892436,10
79,column,svm,Meta_PSO,50.0,30.0,6.0,0.38563712191839794,0.08490640888921719,4.762521242849393,0.39654949741350654,0.425668703628501,0.03023602952434884,10
80,column,svm,Meta_PSO,50.0,50.0,6.0,0.42935093986827433,0.027311493470289147,4.9875285918331915,0.1795417978616227,0.40818472375457027,0.014910601424436863,10
81,column,svm,Meta_WOA,20.0,30.0,6.0,0.359996849058876,0.10662063662043493,4.5551698217279775,0.7307248026211587,0.4367792384655858,0.04597345085435539,10
82,column,svm,Meta_WOA,20.0,50.0,6.0,0.409662524506525,0.06514893362301498,4.899232060810297,0.31473438949396865,0.41575707388672456,0.02676540749415753,10
83,column,svm,Meta_WOA,50.0,30.0,6.0,0.41446834920980746,0.07437437743498936,4.832060239681931,0.671175894732745,0.4155006283268924,0.03804552301741485,10
84,column,svm,Meta_WOA,50.0,50.0,6.0,0.42935093986827433,0.027311493470289144,4.9875285918331915,0.1795417978616227,0.40818472375457027,0.01491060142443686,10
85,column,xgb,AffinityPropagation,,,4.0,0.22381222882922067,0.0,8.215383663249959,0.0,0.8626328524250712,0.0,10
86,column,xgb,EvoCluster_PSO,20.0,30.0,4.0,0.2608905357600705,0.031869649740259375,3.916555192751926,0.19518047740679,0.4154176556485332,0.008666641213156077,10
87,column,xgb,EvoCluster_PSO,20.0,50.0,4.0,0.2671447202197671,0.029679095629714772,3.9719978772611397,0.16146941654913682,0.4139204852889078,0.008412981144460001,10
88,column,xgb,EvoCluster_PSO,50.0,30.0,4.0,0.27940512916409366,0.019516095036214487,4.029944803527123,0.11952314434986398,0.4103827920856169,0.005307212189001955,10
89,column,xgb,EvoCluster_PSO,50.0,50.0,4.0,0.27323359802941927,0.026021460048285986,3.9921482666020567,0.15936419246648556,0.41206107993992236,0.007076282918669271,10
90,column,xgb,Meta_GWO,20.0,30.0,4.0,0.2686599221526745,0.025251034609033562,3.8769147305724294,0.2793174627342475,0.4223632592681629,0.020772798928045746,10
91,column,xgb,Meta_GWO,20.0,50.0,4.0,0.26113849573513703,0.03155043700436385,3.969493635504371,0.13668421117257287,0.41596100813257325,0.00938268499270712,10
92,column,xgb,Meta_GWO,50.0,30.0,4.0,0.2609731890850927,0.03176384091024577,3.934201340336074,0.1797677402178499,0.41559877314321325,0.008915806335193894,10
93,column,xgb,Meta_GWO,50.0,50.0,4.0,0.27323359802941927,0.02602146004828598,3.9921482666020567,0.15936419246648548,0.41206107993992236,0.007076282918669262,10
94,column,xgb,Meta_PSO,20.0,30.0,4.0,0.2670620668947449,0.029811327591134945,3.9543517296769912,0.18257461876079517,0.41373936779422776,0.00810690052843122,10
95,column,xgb,Meta_PSO,20.0,50.0,4.0,0.2855766602987681,0.0,4.067741340452188,0.0,0.40870450423131144,4.8956233716268386e-17,10
96,column,xgb,Meta_PSO,50.0,30.0,4.0,0.27323359802941927,0.026021460048285983,3.9921482666020567,0.15936419246648534,0.41206107993992236,0.007076282918669277,10
97,column,xgb,Meta_PSO,50.0,50.0,4.0,0.2855766602987681,0.0,4.067741340452188,0.0,0.40870450423131155,3.204937810639273e-17,10
98,column,xgb,Meta_WOA,20.0,30.0,4.0,0.23531906198474778,0.02117515732463967,3.601403688240972,0.26248685803082766,0.4386724444880608,0.020941104478848175,10
99,column,xgb,Meta_WOA,20.0,50.0,4.0,0.2552662039966562,0.025941810267978635,3.6020640047433106,0.33992182765829704,0.4418992374097196,0.025472645035173797,10
100,column,xgb,Meta_WOA,50.0,30.0,4.0,0.2608905357600705,0.03186964974025939,3.916555192751926,0.19518047740679004,0.4154176556485332,0.008666641213156091,10
101,column,xgb,Meta_WOA,50.0,50.0,4.0,0.26257104434302225,0.027918836089894036,3.856764341231512,0.27117092443576796,0.4242226646171484,0.020239686747933586,10
102,diabetes,rf,AffinityPropagation,,,9.0,0.12712785493899958,0.0,8.512324486442981,1.4503892858778862e-15,1.1952527370713821,0.0,10
103,diabetes,rf,EvoCluster_PSO,20.0,30.0,2.0,0.39230792901016465,0.0,4.527682671606711,0.0,0.442282219699346,0.0,10
104,diabetes,rf,EvoCluster_PSO,20.0,50.0,2.0,0.39230792901016465,0.0,4.527682671606711,0.0,0.442282219699346,0.0,10
105,diabetes,rf,EvoCluster_PSO,50.0,30.0,2.0,0.39230792901016465,0.0,4.527682671606711,0.0,0.442282219699346,0.0,10
106,diabetes,rf,EvoCluster_PSO,50.0,50.0,2.0,0.39230792901016465,0.0,4.527682671606711,0.0,0.442282219699346,0.0,10
107,diabetes,rf,Meta_GWO,20.0,30.0,9.0,0.3174965301076862,0.1545148449783829,4.039302180467463,0.8635811762056924,0.4887765374775091,0.09045359119391179,10
108,diabetes,rf,Meta_GWO,20.0,50.0,9.0,0.39230792901016465,0.0,4.527682671606711,0.0,0.442282219699346,0.0,10
109,diabetes,rf,Meta_GWO,50.0,30.0,9.0,0.37628155393571594,0.05067984787140858,4.494648415082094,0.1044634914280703,0.4750846811277949,0.10373049097371874,10
110,diabetes,rf,Meta_GWO,50.0,50.0,9.0,0.3825627304466836,0.030817023711201062,4.367131154094695,0.5077084771343807,0.4527612202780376,0.03313750943088794,10
111,diabetes,rf,Meta_PSO,20.0,30.0,9.0,0.28396500320283036,0.11062009544286777,3.9131687143254346,0.623952246838292,0.5181641787771681,0.10258493548667169,10
112,diabetes,rf,Meta_PSO,20.0,50.0,9.0,0.3389791405402588,0.12585827130485538,4.2693447938383065,0.5920690136678525,0.46810730595521133,0.061974141920155934,10
113,diabetes,rf,Meta_PSO,50.0,30.0,9.0,0.39230792901016465,0.0,4.527682671606711,0.0,0.442282219699346,0.0,10
114,diabetes,rf,Meta_PSO,50.0,50.0,9.0,0.37914075980971557,0.0416382450102372,4.464012662090925,0.20134224871448175,0.44853374405148827,0.019769055800778167,10
115,diabetes,rf,Meta_WOA,20.0,30.0,9.0,0.3437042416489299,0.06287641831820946,3.973630995072959,0.7741120455187478,0.48105529980593653,0.05215912311690412,10
116,diabetes,rf,Meta_WOA,20.0,50.0,9.0,0.370631405942903,0.045987707805412045,4.2120157311786866,0.6656076795255476,0.4628320247388933,0.04333347524344326,10
117,diabetes,rf,Meta_WOA,50.0,30.0,9.0,0.34933901320510546,0.07074602954570501,4.223101134971152,0.5395331808225808,0.4674515937045901,0.041556270962298636,10
118,diabetes,rf,Meta_WOA,50.0,50.0,9.0,0.39230792901016465,0.0,4.527682671606711,0.0,0.442282219699346,0.0,10
119,diabetes,svm,AffinityPropagation,,,9.0,0.2189460067358727,0.0,9.61624207463073,0.0,1.1659440461257997,0.0,10
120,diabetes,svm,EvoCluster_PSO,20.0,30.0,2.4,0.34770374180077496,0.09214664961070601,4.095256271975486,0.3833928573286264,0.47294841218237743,0.03482449889183883,10
121,diabetes,svm,EvoCluster_PSO,20.0,50.0,2.0,0.3768430709531048,0.0,4.21649573875533,0.0,0.46193593869515537,0.0,10
122,diabetes,svm,EvoCluster_PSO,50.0,30.0,2.0,0.3768430709531048,0.0,4.21649573875533,0.0,0.46193593869515537,0.0,10
123,diabetes,svm,EvoCluster_PSO,50.0,50.0,2.0,0.3768430709531048,0.0,4.21649573875533,0.0,0.46193593869515537,0.0,10
124,diabetes,svm,Meta_GWO,20.0,30.0,9.0,0.2134388569660087,0.18900627911911735,3.518830850925093,0.7935685423530285,0.611370503967994,0.20461081148630292,10
125,diabetes,svm,Meta_GWO,20.0,50.0,9.0,0.3386534998003715,0.08068019989232036,4.018597582678352,0.4212198556877962,0.4821116859508302,0.04254060006930476,10
126,diabetes,svm,Meta_GWO,50.0,30.0,9.0,0.3236291607361999,0.08608706216301748,3.9461265909453234,0.4389882667609938,0.49126354198071664,0.04755491117713233,10
127,diabetes,svm,Meta_GWO,50.0,50.0,9.0,0.32664852966133784,0.1587290765893539,4.008708272645773,0.6570816621412453,0.4986298273215768,0.11603626426803894,10
128,diabetes,svm,Meta_PSO,20.0,30.0,9.0,0.16368040299221503,0.16976735421735567,3.3710371356494653,0.7549818706930903,0.6543592635251463,0.17149280147772442,10
129,diabetes,svm,Meta_PSO,20.0,50.0,9.0,0.17335263823556654,0.1969288006207019,3.1633651708619768,0.9504653618150225,0.5971465981830761,0.15331341270078813,10
130,diabetes,svm,Meta_PSO,50.0,30.0,9.0,0.25745443907092525,0.13718130696799644,3.7531551003594386,0.6346226444139386,0.5524309386271166,0.12143815787228383,10
131,diabetes,svm,Meta_PSO,50.0,50.0,9.0,0.32123815156877067,0.12350082134765288,3.888542382923343,0.6942829128529273,0.49312836613732014,0.06619446735572156,10
132,diabetes,svm,Meta_WOA,20.0,30.0,9.0,0.3320076089545182,0.09969103517660576,4.01817895295876,0.4308514394518888,0.4816470393565231,0.04191100864308892,10
133,diabetes,svm,Meta_WOA,20.0,50.0,9.0,0.24931220767430587,0.16906626800243135,3.536659262623459,0.7660514950960867,0.5606629073321066,0.15531894571833704,10
134,diabetes,svm,Meta_WOA,50.0,30.0,9.0,0.3768430709531048,0.0,4.21649573875533,0.0,0.46193593869515537,0.0,10
135,diabetes,svm,Meta_WOA,50.0,50.0,9.0,0.3768430709531048,0.0,4.21649573875533,0.0,0.46193593869515537,0.0,10
136,diabetes,xgb,AffinityPropagation,,,9.0,0.17450507264943343,0.0,10.921147418051332,0.0,1.16952079224931,0.0,10
137,diabetes,xgb,EvoCluster_PSO,20.0,30.0,2.1,0.39727222227554726,0.03770443813243032,4.634153727118301,0.5263055957145047,0.44038317515678677,0.03195882278592208,10
138,diabetes,xgb,EvoCluster_PSO,20.0,50.0,2.0,0.4091954125150858,0.0,4.8005861698932595,0.0,0.43027690802266666,0.0,10
139,diabetes,xgb,EvoCluster_PSO,50.0,30.0,2.0,0.4091954125150858,0.0,4.8005861698932595,0.0,0.43027690802266666,0.0,10
140,diabetes,xgb,EvoCluster_PSO,50.0,50.0,2.0,0.4091954125150858,0.0,4.8005861698932595,0.0,0.43027690802266666,0.0,10
141,diabetes,xgb,Meta_GWO,20.0,30.0,9.0,0.32189074655120686,0.10861038885298006,4.219316099724963,0.781809445982442,0.5022211808144867,0.09124587969803405,10
142,diabetes,xgb,Meta_GWO,20.0,50.0,9.0,0.4091954125150858,0.0,4.8005861698932595,0.0,0.43027690802266666,0.0,10
143,diabetes,xgb,Meta_GWO,50.0,30.0,9.0,0.37356641198613777,0.05841860903707271,4.3833689024922355,0.7120862713355078,0.45805175029136985,0.04530355673596318,10
144,diabetes,xgb,Meta_GWO,50.0,50.0,9.0,0.38739171637797504,0.0689493412034849,4.621944371720156,0.5649149675351145,0.4425609804495515,0.03884564781142832,10
145,diabetes,xgb,Meta_PSO,20.0,30.0,9.0,0.3162807376828109,0.11436310782891453,4.22724099580265,0.7807462266490638,0.48227963376576605,0.0720555495284472,10
146,diabetes,xgb,Meta_PSO,20.0,50.0,9.0,0.3825541307858394,0.05631263916532781,4.64574818507244,0.3295922389350893,0.4430578858797093,0.026981747020022352,10
147,diabetes,xgb,Meta_PSO,50.0,30.0,9.0,0.39500960033564525,0.044859476946389365,4.71350091296099,0.2753877625269374,0.4369673657077596,0.021157084873871444,10
148,diabetes,xgb,Meta_PSO,50.0,50.0,9.0,0.4091954125150858,0.0,4.8005861698932595,0.0,0.43027690802266666,0.0,10
149,diabetes,xgb,Meta_WOA,20.0,30.0,9.0,0.3407591950716992,0.10560564147478431,4.181227813019044,0.878616232545057,0.4781370044161851,0.07280223453798938,10
150,diabetes,xgb,Meta_WOA,20.0,50.0,9.0,0.3996816772024566,0.03008507264388216,4.631053243952946,0.5361101843640317,0.4404594129387768,0.03219990782076955,10
151,diabetes,xgb,Meta_WOA,50.0,30.0,9.0,0.39727222227554726,0.03770443813243032,4.634153727118301,0.5263055957145047,0.44038317515678677,0.03195882278592205,10
152,diabetes,xgb,Meta_WOA,50.0,50.0,9.0,0.4091954125150858,0.0,4.8005861698932595,0.0,0.43027690802266666,0.0,10
153,hill_valley,rf,AffinityPropagation,,,42.0,0.47161790654740077,0.22906263351973585,3418.7522642690624,1812.6190377765786,0.29071008220039374,0.03044438580396401,10
154,hill_valley,rf,EvoCluster_PSO,20.0,30.0,2.2,0.7701215515445945,0.01713995948774458,24.20568686178003,0.6984485927393431,0.14529413578565456,0.004150678124859626,10
155,hill_valley,rf,EvoCluster_PSO,20.0,50.0,2.4,0.7687928965019535,0.02134153564715824,24.423643100015504,0.009210449672968444,0.14456142518740564,0.0018336437686484752,10
156,hill_valley,rf,EvoCluster_PSO,50.0,30.0,2.0,0.775541682643023,0.0,24.4265556999396,0.0,0.14398157611477524,0.0,10
157,hill_valley,rf,EvoCluster_PSO,50.0,50.0,2.0,0.775541682643023,0.0,24.4265556999396,0.0,0.14398157611477524,0.0,10
158,hill_valley,rf,Meta_GWO,20.0,30.0,20.0,0.7576988387248794,0.02762772633955372,31.910819917418287,15.793569584046073,0.16050008786896133,0.0318560834193053,10
159,hill_valley,rf,Meta_GWO,20.0,50.0,20.0,0.7687928965019535,0.02134153564715824,24.423643100015504,0.009210449672966796,0.14456142518740564,0.0018336437686484772,10
160,hill_valley,rf,Meta_GWO,50.0,30.0,20.0,0.7630547736537567,0.026324715560875126,24.162385063419965,0.5569206015589969,0.14601738408999415,0.004291860053618277,10
161,hill_valley,rf,Meta_GWO,50.0,50.0,20.0,0.7687928965019535,0.021341535647158245,24.423643100015504,0.009210449672967885,0.14456142518740564,0.0018336437686484876,10
162,hill_valley,rf,Meta_PSO,20.0,30.0,20.0,0.7325339061312757,0.044993759978529765,47.22262893678975,30.101655145005367,0.19489769560698716,0.033751099423847415,10
163,hill_valley,rf,Meta_PSO,20.0,50.0,20.0,0.7609981133091616,0.02457949630039284,27.063223348347726,7.239449617034156,0.1586861259369931,0.028005922235282418,10
164,hill_valley,rf,Meta_PSO,50.0,30.0,20.0,0.76075412483927,0.0241453005035466,24.89767484673026,3.1774873752537958,0.14987930292718032,0.010892029338920995,10
165,hill_valley,rf,Meta_PSO,50.0,50.0,20.0,0.771594387036127,0.012482444715767859,25.339412523049397,2.886706738652399,0.1472541835854217,0.010348893494925413,10
166,hill_valley,rf,Meta_WOA,20.0,30.0,20.0,0.775541682643023,0.0,24.4265556999396,0.0,0.14398157611477524,0.0,10
167,hill_valley,rf,Meta_WOA,20.0,50.0,20.0,0.775541682643023,0.0,24.4265556999396,0.0,0.14398157611477524,0.0,10
168,hill_valley,rf,Meta_WOA,50.0,30.0,20.0,0.775541682643023,0.0,24.4265556999396,0.0,0.14398157611477524,0.0,10
169,hill_valley,rf,Meta_WOA,50.0,50.0,20.0,0.775541682643023,0.0,24.4265556999396,0.0,0.14398157611477524,0.0,10
170,hill_valley,svm,AffinityPropagation,,,45.4,0.526364952171738,0.20801350445821445,8680.361723979662,4145.707549871671,0.3100318728680352,0.046528579865035925,10
171,hill_valley,svm,EvoCluster_PSO,20.0,30.0,2.3,0.8839123836805458,0.012399817422948775,70.10050868158164,1.2727490052836157,0.073012406350879,0.002908498207498599,10
172,hill_valley,svm,EvoCluster_PSO,20.0,50.0,2.3,0.884635826157784,0.015338400922655584,70.30730812460241,2.376710268524972,0.07262385924057549,0.003031081185300844,10
173,hill_valley,svm,EvoCluster_PSO,50.0,30.0,2.2,0.8864793897642589,0.010823447989389516,69.8370246053116,1.1109464109317917,0.07241029001815788,0.0025387453703820395,10
174,hill_valley,svm,EvoCluster_PSO,50.0,50.0,2.1,0.889046395847972,0.00811758599204214,69.57354052904155,0.8332098081988535,0.07180817368543675,0.0019040590277865272,10
175,hill_valley,svm,Meta_GWO,20.0,30.0,20.0,0.872524238216457,0.017896217410580787,71.83152794897339,2.825957756556906,0.07524589379387761,0.0035727896276471906,10
176,hill_valley,svm,Meta_GWO,20.0,50.0,20.0,0.8864793897642589,0.010823447989389525,69.8370246053116,1.1109464109317926,0.07241029001815788,0.002538745370382041,10
177,hill_valley,svm,Meta_GWO,50.0,30.0,20.0,0.8864793897642589,0.010823447989389513,69.8370246053116,1.1109464109317952,0.07241029001815788,0.0025387453703820404,10
178,hill_valley,svm,Meta_GWO,50.0,50.0,20.0,0.889046395847972,0.008117585992042152,69.57354052904155,0.833209808198846,0.07180817368543675,0.0019040590277865294,10
179,hill_valley,svm,Meta_PSO,20.0,30.0,20.0,0.870680674609982,0.01952492093169231,72.3018114682642,3.2118814509680607,0.07545946301629522,0.0037631473752070452,10
180,hill_valley,svm,Meta_PSO,20.0,50.0,20.0,0.8769348079066448,0.016419870642368103,71.09776035341254,2.348810087517022,0.07443020823873887,0.0034576876405991628,10
181,hill_valley,svm,Meta_PSO,50.0,30.0,20.0,0.8813453775968327,0.013255962415778427,70.36399275785168,1.360625919179609,0.07361452268360014,0.0031093153721445436,10
182,hill_valley,svm,Meta_PSO,50.0,50.0,20.0,0.8864793897642589,0.010823447989389504,69.8370246053116,1.1109464109317913,0.07241029001815788,0.0025387453703820395,10
183,hill_valley,svm,Meta_WOA,20.0,30.0,20.0,0.891613401931685,0.0,69.31005645277152,0.0,0.07120605735271562,0.0,10
184,hill_valley,svm,Meta_WOA,20.0,50.0,20.0,0.891613401931685,0.0,69.31005645277152,0.0,0.07120605735271562,0.0,10
185,hill_valley,svm,Meta_WOA,50.0,30.0,20.0,0.891613401931685,0.0,69.31005645277152,0.0,0.07120605735271562,0.0,10
186,hill_valley,svm,Meta_WOA,50.0,50.0,20.0,0.891613401931685,0.0,69.31005645277152,0.0,0.07120605735271562,0.0,10
187,hill_valley,xgb,AffinityPropagation,,,56.7,0.4350391681329806,0.24927946563752695,2758.565710804657,1780.8637992814415,0.23125716920844788,0.035353103216261415,10
188,hill_valley,xgb,EvoCluster_PSO,20.0,30.0,3.0,0.7857852514984464,0.0,27.36975009521393,0.0,0.1303428903441129,0.0,10
189,hill_valley,xgb,EvoCluster_PSO,20.0,50.0,3.2,0.7810986768629847,0.01482025027243207,27.409082433406446,0.12437977438837436,0.1308876512076439,0.0017226851088781203,10
190,hill_valley,xgb,EvoCluster_PSO,50.0,30.0,3.0,0.7857852514984464,0.0,27.36975009521393,0.0,0.1303428903441129,0.0,10
191,hill_valley,xgb,EvoCluster_PSO,50.0,50.0,3.0,0.7857852514984464,0.0,27.36975009521393,0.0,0.1303428903441129,0.0,10
192,hill_valley,xgb,Meta_GWO,20.0,30.0,20.0,0.7810986768629847,0.01482025027243207,27.409082433406446,0.12437977438837328,0.1308876512076439,0.0017226851088781203,10
193,hill_valley,xgb,Meta_GWO,20.0,50.0,20.0,0.7857852514984464,0.0,27.36975009521393,0.0,0.1303428903441129,0.0,10
194,hill_valley,xgb,Meta_GWO,50.0,30.0,20.0,0.7857852514984464,0.0,27.36975009521393,0.0,0.1303428903441129,0.0,10
195,hill_valley,xgb,Meta_GWO,50.0,50.0,20.0,0.7857852514984464,0.0,27.36975009521393,0.0,0.1303428903441129,0.0,10
196,hill_valley,xgb,Meta_PSO,20.0,30.0,20.0,0.7764121022275231,0.019760333696576093,27.44841477159896,0.16583969918449687,0.1314324120711749,0.002296913478504163,10
197,hill_valley,xgb,Meta_PSO,20.0,50.0,20.0,0.7736063978315826,0.026513262767958415,27.461244374870923,0.19524288702476295,0.13168792484411374,0.0028988321614908754,10
198,hill_valley,xgb,Meta_PSO,50.0,30.0,20.0,0.7857852514984464,0.0,27.36975009521393,0.0,0.1303428903441129,0.0,10
199,hill_valley,xgb,Meta_PSO,50.0,50.0,20.0,0.7781089513304732,0.024274592533928403,27.775803742153705,1.2840543765475467,0.130168699474589,0.0005508398953006982,10
200,hill_valley,xgb,Meta_WOA,20.0,30.0,20.0,0.7857852514984464,0.0,27.36975009521393,0.0,0.1303428903441129,0.0,10
201,hill_valley,xgb,Meta_WOA,20.0,50.0,20.0,0.7857852514984464,0.0,27.36975009521393,0.0,0.1303428903441129,0.0,10
202,hill_valley,xgb,Meta_WOA,50.0,30.0,20.0,0.7857852514984464,0.0,27.36975009521393,0.0,0.1303428903441129,0.0,10
203,hill_valley,xgb,Meta_WOA,50.0,50.0,20.0,0.7781089513304732,0.024274592533928416,27.775803742153705,1.2840543765475456,0.130168699474589,0.0005508398953006968,10
204,isolet_bin,xgb,AffinityPropagation,,,2.0,0.0992953966038263,0.0,1.5329410814228954,0.0,0.46631207440586503,0.0,10
205,isolet_bin,xgb,EvoCluster_PSO,20.0,30.0,2.0,0.0992953966038263,0.0,1.5329410814228954,0.0,0.46631207440586503,0.0,10
206,isolet_bin,xgb,EvoCluster_PSO,20.0,50.0,2.0,0.0992953966038263,0.0,1.5329410814228954,0.0,0.46631207440586503,0.0,10
207,isolet_bin,xgb,EvoCluster_PSO,50.0,30.0,2.0,0.0992953966038263,0.0,1.5329410814228954,0.0,0.46631207440586503,0.0,10
208,isolet_bin,xgb,EvoCluster_PSO,50.0,50.0,2.0,0.0992953966038263,0.0,1.5329410814228954,0.0,0.46631207440586503,0.0,10
209,isolet_bin,xgb,Meta_GWO,20.0,30.0,2.0,0.0992953966038263,0.0,1.5329410814228954,0.0,0.46631207440586503,0.0,10
210,isolet_bin,xgb,Meta_GWO,20.0,50.0,2.0,0.0992953966038263,0.0,1.5329410814228954,0.0,0.46631207440586503,0.0,10
211,isolet_bin,xgb,Meta_GWO,50.0,30.0,2.0,0.0992953966038263,0.0,1.5329410814228954,0.0,0.46631207440586503,0.0,10
212,isolet_bin,xgb,Meta_GWO,50.0,50.0,2.0,0.0992953966038263,0.0,1.5329410814228954,0.0,0.46631207440586503,0.0,10
213,isolet_bin,xgb,Meta_PSO,20.0,30.0,2.0,0.0992953966038263,0.0,1.5329410814228954,0.0,0.46631207440586503,0.0,10
214,isolet_bin,xgb,Meta_PSO,20.0,50.0,2.0,0.0992953966038263,0.0,1.5329410814228954,0.0,0.46631207440586503,0.0,10
215,isolet_bin,xgb,Meta_PSO,50.0,30.0,2.0,0.0992953966038263,0.0,1.5329410814228954,0.0,0.46631207440586503,0.0,10
216,isolet_bin,xgb,Meta_PSO,50.0,50.0,2.0,0.0992953966038263,0.0,1.5329410814228954,0.0,0.46631207440586503,0.0,10
217,isolet_bin,xgb,Meta_WOA,20.0,30.0,2.0,0.0992953966038263,0.0,1.5329410814228954,0.0,0.46631207440586503,0.0,10
218,isolet_bin,xgb,Meta_WOA,20.0,50.0,2.0,0.0992953966038263,0.0,1.5329410814228954,0.0,0.46631207440586503,0.0,10
219,isolet_bin,xgb,Meta_WOA,50.0,30.0,2.0,0.0992953966038263,0.0,1.5329410814228954,0.0,0.46631207440586503,0.0,10
220,isolet_bin,xgb,Meta_WOA,50.0,50.0,2.0,0.0992953966038263,0.0,1.5329410814228954,0.0,0.46631207440586503,0.0,10
221,kc1,rf,AffinityPropagation,,,10.9,0.28364654696113645,0.0017771601006818247,54.46773276124047,0.6983879053376109,0.8494882059378026,0.024890128102495978,10
222,kc1,rf,EvoCluster_PSO,20.0,30.0,2.0,0.6231266505493341,0.0,11.68456518514188,0.0,0.24431533205809278,0.0,10
223,kc1,rf,EvoCluster_PSO,20.0,50.0,2.0,0.6231266505493341,0.0,11.68456518514188,0.0,0.24431533205809278,0.0,10
224,kc1,rf,EvoCluster_PSO,50.0,30.0,2.0,0.6231266505493341,0.0,11.68456518514188,0.0,0.24431533205809278,0.0,10
225,kc1,rf,EvoCluster_PSO,50.0,50.0,2.0,0.6231266505493341,0.0,11.68456518514188,0.0,0.24431533205809278,0.0,10
226,kc1,rf,Meta_GWO,20.0,30.0,11.0,0.6231266505493341,0.0,11.68456518514188,0.0,0.24431533205809278,0.0,10
227,kc1,rf,Meta_GWO,20.0,50.0,11.0,0.6231266505493341,0.0,11.68456518514188,0.0,0.24431533205809278,0.0,10
228,kc1,rf,Meta_GWO,50.0,30.0,11.0,0.6231266505493341,0.0,11.68456518514188,0.0,0.24431533205809278,0.0,10
229,kc1,rf,Meta_GWO,50.0,50.0,11.0,0.6231266505493341,0.0,11.68456518514188,0.0,0.24431533205809278,0.0,10
230,kc1,rf,Meta_PSO,20.0,30.0,11.0,0.6231266505493341,0.0,11.68456518514188,0.0,0.24431533205809278,0.0,10
231,kc1,rf,Meta_PSO,20.0,50.0,11.0,0.6231266505493341,0.0,11.68456518514188,0.0,0.24431533205809278,0.0,10
232,kc1,rf,Meta_PSO,50.0,30.0,11.0,0.6231266505493341,0.0,11.68456518514188,0.0,0.24431533205809278,0.0,10
233,kc1,rf,Meta_PSO,50.0,50.0,11.0,0.6231266505493341,0.0,11.68456518514188,0.0,0.24431533205809278,0.0,10
234,kc1,rf,Meta_WOA,20.0,30.0,11.0,0.6169159479305006,0.019639966145486132,11.7477151458301,0.19969770992486643,0.24471281068581824,0.001256937784850691,10
235,kc1,rf,Meta_WOA,20.0,50.0,11.0,0.6231266505493341,0.0,11.68456518514188,0.0,0.24431533205809278,0.0,10
236,kc1,rf,Meta_WOA,50.0,30.0,11.0,0.6231266505493341,0.0,11.68456518514188,0.0,0.24431533205809278,0.0,10
237,kc1,rf,Meta_WOA,50.0,50.0,11.0,0.6231266505493341,0.0,11.68456518514188,0.0,0.24431533205809278,0.0,10
238,kc1,svm,AffinityPropagation,,,11.0,0.26624160592487195,0.0,58.97221851214765,0.0,0.9939190172412481,0.0,10
239,kc1,svm,EvoCluster_PSO,20.0,30.0,2.0,0.6491819761176709,0.0,14.052140878344693,0.0,0.22882080450541215,0.0,10
240,kc1,svm,EvoCluster_PSO,20.0,50.0,2.0,0.6491819761176709,0.0,14.052140878344693,0.0,0.22882080450541215,0.0,10
241,kc1,svm,EvoCluster_PSO,50.0,30.0,2.0,0.6491819761176709,0.0,14.052140878344693,0.0,0.22882080450541215,0.0,10
242,kc1,svm,EvoCluster_PSO,50.0,50.0,2.0,0.6491819761176709,0.0,14.052140878344693,0.0,0.22882080450541215,0.0,10
243,kc1,svm,Meta_GWO,20.0,30.0,11.0,0.6491819761176709,0.0,14.052140878344693,0.0,0.22882080450541215,0.0,10
244,kc1,svm,Meta_GWO,20.0,50.0,11.0,0.6491819761176709,0.0,14.052140878344693,0.0,0.22882080450541215,0.0,10
245,kc1,svm,Meta_GWO,50.0,30.0,11.0,0.6491819761176709,0.0,14.052140878344693,0.0,0.22882080450541215,0.0,10
246,kc1,svm,Meta_GWO,50.0,50.0,11.0,0.6491819761176709,0.0,14.052140878344693,0.0,0.22882080450541215,0.0,10
247,kc1,svm,Meta_PSO,20.0,30.0,11.0,0.6491819761176709,0.0,14.052140878344693,0.0,0.22882080450541215,0.0,10
248,kc1,svm,Meta_PSO,20.0,50.0,11.0,0.6491819761176709,0.0,14.052140878344693,0.0,0.22882080450541215,0.0,10
249,kc1,svm,Meta_PSO,50.0,30.0,11.0,0.6491819761176709,0.0,14.052140878344693,0.0,0.22882080450541215,0.0,10
250,kc1,svm,Meta_PSO,50.0,50.0,11.0,0.6491819761176709,0.0,14.052140878344693,0.0,0.22882080450541215,0.0,10
251,kc1,svm,Meta_WOA,20.0,30.0,11.0,0.6491819761176709,0.0,14.052140878344693,0.0,0.22882080450541215,0.0,10
252,kc1,svm,Meta_WOA,20.0,50.0,11.0,0.6491819761176709,0.0,14.052140878344693,0.0,0.22882080450541215,0.0,10
253,kc1,svm,Meta_WOA,50.0,30.0,11.0,0.6491819761176709,0.0,14.052140878344693,0.0,0.22882080450541215,0.0,10
254,kc1,svm,Meta_WOA,50.0,50.0,11.0,0.6491819761176709,0.0,14.052140878344693,0.0,0.22882080450541215,0.0,10
255,kc1,xgb,AffinityPropagation,,,13.0,0.26655687468682365,0.0,52.68688752152258,0.0,0.6959743626310471,0.0,10
256,kc1,xgb,EvoCluster_PSO,20.0,30.0,2.0,0.6929454076882607,0.0,17.517606466029182,0.0,0.196032530818457,0.0,10
257,kc1,xgb,EvoCluster_PSO,20.0,50.0,2.0,0.6929454076882607,0.0,17.517606466029182,0.0,0.196032530818457,0.0,10
258,kc1,xgb,EvoCluster_PSO,50.0,30.0,2.0,0.6929454076882607,0.0,17.517606466029182,0.0,0.196032530818457,0.0,10
259,kc1,xgb,EvoCluster_PSO,50.0,50.0,2.0,0.6929454076882607,0.0,17.517606466029182,0.0,0.196032530818457,0.0,10
260,kc1,xgb,Meta_GWO,20.0,30.0,13.0,0.6929454076882607,0.0,17.517606466029182,0.0,0.196032530818457,0.0,10
261,kc1,xgb,Meta_GWO,20.0,50.0,13.0,0.6929454076882607,0.0,17.517606466029182,0.0,0.196032530818457,0.0,10
262,kc1,xgb,Meta_GWO,50.0,30.0,13.0,0.6929454076882607,0.0,17.517606466029182,0.0,0.196032530818457,0.0,10
263,kc1,xgb,Meta_GWO,50.0,50.0,13.0,0.6929454076882607,0.0,17.517606466029182,0.0,0.196032530818457,0.0,10
264,kc1,xgb,Meta_PSO,20.0,30.0,13.0,0.6929454076882607,0.0,17.517606466029182,0.0,0.196032530818457,0.0,10
265,kc1,xgb,Meta_PSO,20.0,50.0,13.0,0.6929454076882607,0.0,17.517606466029182,0.0,0.196032530818457,0.0,10
266,kc1,xgb,Meta_PSO,50.0,30.0,13.0,0.6929454076882607,0.0,17.517606466029182,0.0,0.196032530818457,0.0,10
267,kc1,xgb,Meta_PSO,50.0,50.0,13.0,0.6929454076882607,0.0,17.517606466029182,0.0,0.196032530818457,0.0,10
268,kc1,xgb,Meta_WOA,20.0,30.0,13.0,0.6782315242900708,0.046529384764418306,17.31256759483737,0.6483898418360154,0.20036251666176433,0.013692617501136038,10
269,kc1,xgb,Meta_WOA,20.0,50.0,13.0,0.6929454076882607,0.0,17.517606466029182,0.0,0.196032530818457,0.0,10
270,kc1,xgb,Meta_WOA,50.0,30.0,13.0,0.6929454076882607,0.0,17.517606466029182,0.0,0.196032530818457,0.0,10
271,kc1,xgb,Meta_WOA,50.0,50.0,13.0,0.6929454076882607,0.0,17.517606466029182,0.0,0.196032530818457,0.0,10
272,ozone-level-8hr,rf,AffinityPropagation,,,8.0,0.12328167949310717,0.0,7.192155549909691,0.0,1.3158870718157032,0.0,10
273,ozone-level-8hr,rf,EvoCluster_PSO,20.0,30.0,2.0,0.43698814749899173,0.0,5.375414662278836,0.0,0.4049814787163541,0.0,10
274,ozone-level-8hr,rf,EvoCluster_PSO,20.0,50.0,2.0,0.43698814749899173,0.0,5.375414662278836,0.0,0.4049814787163541,0.0,10
275,ozone-level-8hr,rf,EvoCluster_PSO,50.0,30.0,2.0,0.43698814749899173,0.0,5.375414662278836,0.0,0.4049814787163541,0.0,10
276,ozone-level-8hr,rf,EvoCluster_PSO,50.0,50.0,2.0,0.43698814749899173,0.0,5.375414662278836,0.0,0.4049814787163541,0.0,10
277,ozone-level-8hr,rf,Meta_GWO,20.0,30.0,8.0,0.43698814749899173,0.0,5.375414662278836,0.0,0.4049814787163541,0.0,10
278,ozone-level-8hr,rf,Meta_GWO,20.0,50.0,8.0,0.43698814749899173,0.0,5.375414662278836,0.0,0.4049814787163541,0.0,10
279,ozone-level-8hr,rf,Meta_GWO,50.0,30.0,8.0,0.43698814749899173,0.0,5.375414662278836,0.0,0.4049814787163541,0.0,10
280,ozone-level-8hr,rf,Meta_GWO,50.0,50.0,8.0,0.43698814749899173,0.0,5.375414662278836,0.0,0.4049814787163541,0.0,10
281,ozone-level-8hr,rf,Meta_PSO,20.0,30.0,8.0,0.43698814749899173,0.0,5.375414662278836,0.0,0.4049814787163541,0.0,10
282,ozone-level-8hr,rf,Meta_PSO,20.0,50.0,8.0,0.43698814749899173,0.0,5.375414662278836,0.0,0.4049814787163541,0.0,10
283,ozone-level-8hr,rf,Meta_PSO,50.0,30.0,8.0,0.43698814749899173,0.0,5.375414662278836,0.0,0.4049814787163541,0.0,10
284,ozone-level-8hr,rf,Meta_PSO,50.0,50.0,8.0,0.43698814749899173,0.0,5.375414662278836,0.0,0.4049814787163541,0.0,10
285,ozone-level-8hr,rf,Meta_WOA,20.0,30.0,8.0,0.4120315737611137,0.07891961560563653,5.044283666423663,1.0471281507821228,0.428907433455137,0.07566051216865267,10
286,ozone-level-8hr,rf,Meta_WOA,20.0,50.0,8.0,0.43698814749899173,0.0,5.375414662278836,0.0,0.4049814787163541,0.0,10
287,ozone-level-8hr,rf,Meta_WOA,50.0,30.0,8.0,0.43698814749899173,0.0,5.375414662278836,0.0,0.4049814787163541,0.0,10
288,ozone-level-8hr,rf,Meta_WOA,50.0,50.0,8.0,0.43698814749899173,0.0,5.375414662278836,0.0,0.4049814787163541,0.0,10
289,ozone-level-8hr,svm,AffinityPropagation,,,9.0,0.12196822073554117,0.0,7.172762505789474,0.0,1.3359757279123774,0.0,10
290,ozone-level-8hr,svm,EvoCluster_PSO,20.0,30.0,2.0,0.44039376133045227,0.0,5.39571100376614,0.0,0.4042486350716631,0.0,10
291,ozone-level-8hr,svm,EvoCluster_PSO,20.0,50.0,2.0,0.4170554603075779,0.07380218795092044,5.088492448171012,0.9715103751476698,0.4248337971684199,0.06509599822951885,10
292,ozone-level-8hr,svm,EvoCluster_PSO,50.0,30.0,2.0,0.44039376133045227,0.0,5.39571100376614,0.0,0.4042486350716631,0.0,10
293,ozone-level-8hr,svm,EvoCluster_PSO,50.0,50.0,2.0,0.44039376133045227,0.0,5.39571100376614,0.0,0.4042486350716631,0.0,10
294,ozone-level-8hr,svm,Meta_GWO,20.0,30.0,9.0,0.4170554603075779,0.07380218795092044,5.088492448171012,0.9715103751476699,0.4248337971684199,0.06509599822951885,10
295,ozone-level-8hr,svm,Meta_GWO,20.0,50.0,9.0,0.44039376133045227,0.0,5.39571100376614,0.0,0.4042486350716631,0.0,10
296,ozone-level-8hr,svm,Meta_GWO,50.0,30.0,9.0,0.44039376133045227,0.0,5.39571100376614,0.0,0.4042486350716631,0.0,10
297,ozone-level-8hr,svm,Meta_GWO,50.0,50.0,9.0,0.44039376133045227,0.0,5.39571100376614,0.0,0.4042486350716631,0.0,10
298,ozone-level-8hr,svm,Meta_PSO,20.0,30.0,9.0,0.44039376133045227,0.0,5.39571100376614,0.0,0.4042486350716631,0.0,10
299,ozone-level-8hr,svm,Meta_PSO,20.0,50.0,9.0,0.44039376133045227,0.0,5.39571100376614,0.0,0.4042486350716631,0.0,10
300,ozone-level-8hr,svm,Meta_PSO,50.0,30.0,9.0,0.44039376133045227,0.0,5.39571100376614,0.0,0.4042486350716631,0.0,10
301,ozone-level-8hr,svm,Meta_PSO,50.0,50.0,9.0,0.44039376133045227,0.0,5.39571100376614,0.0,0.4042486350716631,0.0,10
302,ozone-level-8hr,svm,Meta_WOA,20.0,30.0,9.0,0.44039376133045227,0.0,5.39571100376614,0.0,0.4042486350716631,0.0,10
303,ozone-level-8hr,svm,Meta_WOA,20.0,50.0,9.0,0.44039376133045227,0.0,5.39571100376614,0.0,0.4042486350716631,0.0,10
304,ozone-level-8hr,svm,Meta_WOA,50.0,30.0,9.0,0.44039376133045227,0.0,5.39571100376614,0.0,0.4042486350716631,0.0,10
305,ozone-level-8hr,svm,Meta_WOA,50.0,50.0,9.0,0.44039376133045227,0.0,5.39571100376614,0.0,0.4042486350716631,0.0,10
306,ozone-level-8hr,xgb,AffinityPropagation,,,10.0,0.08229526842167116,0.0,6.377889081955813,0.0,1.3848220747222126,0.0,10
307,ozone-level-8hr,xgb,EvoCluster_PSO,20.0,30.0,2.0,0.4358929678833693,0.0,5.263012323689794,0.0,0.4081713939994921,0.0,10
308,ozone-level-8hr,xgb,EvoCluster_PSO,20.0,50.0,2.0,0.4358929678833693,0.0,5.263012323689794,0.0,0.4081713939994921,0.0,10
309,ozone-level-8hr,xgb,EvoCluster_PSO,50.0,30.0,2.0,0.4358929678833693,0.0,5.263012323689794,0.0,0.4081713939994921,0.0,10
310,ozone-level-8hr,xgb,EvoCluster_PSO,50.0,50.0,2.0,0.4358929678833693,0.0,5.263012323689794,0.0,0.4081713939994921,0.0,10
311,ozone-level-8hr,xgb,Meta_GWO,20.0,30.0,10.0,0.38494984325645515,0.108623048600562,4.815185671613195,0.9855130538894943,0.44006795134549803,0.06848707906092329,10
312,ozone-level-8hr,xgb,Meta_GWO,20.0,50.0,10.0,0.4358929678833693,0.0,5.263012323689794,0.0,0.4081713939994921,0.0,10
313,ozone-level-8hr,xgb,Meta_GWO,50.0,30.0,10.0,0.4358929678833693,0.0,5.263012323689794,0.0,0.4081713939994921,0.0,10
314,ozone-level-8hr,xgb,Meta_GWO,50.0,50.0,10.0,0.4358929678833693,0.0,5.263012323689794,0.0,0.4081713939994921,0.0,10
315,ozone-level-8hr,xgb,Meta_PSO,20.0,30.0,10.0,0.41084029218843765,0.07922351667752552,5.0802409076546455,0.5779739658452898,0.4229005955366672,0.04657782497312665,10
316,ozone-level-8hr,xgb,Meta_PSO,20.0,50.0,10.0,0.4358929678833693,0.0,5.263012323689794,0.0,0.4081713939994921,0.0,10
317,ozone-level-8hr,xgb,Meta_PSO,50.0,30.0,10.0,0.4138729431369888,0.06963343233183394,4.979133365741459,0.8977040869118983,0.4268753079564111,0.05914696926367655,10
318,ozone-level-8hr,xgb,Meta_PSO,50.0,50.0,10.0,0.4358929678833693,0.0,5.263012323689794,0.0,0.4081713939994921,0.0,10
319,ozone-level-8hr,xgb,Meta_WOA,20.0,30.0,10.0,0.39590030218465877,0.08431351401345454,5.006242355848264,0.5430290667563178,0.4321830276446346,0.0509583690732511,10
320,ozone-level-8hr,xgb,Meta_WOA,20.0,50.0,10.0,0.39107817431071745,0.09449552625379927,4.859285306639676,0.9348277892904973,0.4379351490729859,0.0652830053795027,10
321,ozone-level-8hr,xgb,Meta_WOA,50.0,30.0,10.0,0.4358929678833693,0.0,5.263012323689794,0.0,0.4081713939994921,0.0,10
322,ozone-level-8hr,xgb,Meta_WOA,50.0,50.0,10.0,0.4358929678833693,0.0,5.263012323689794,0.0,0.4081713939994921,0.0,10
323,phoneme,rf,AffinityPropagation,,,17.0,0.3332413093358113,0.0,46.116611323980635,0.0,0.9571110172216171,0.0,10
324,phoneme,rf,EvoCluster_PSO,20.0,30.0,2.8,0.34531327709082305,0.1195503472006759,4.944319952652054,0.7233268051545723,0.45624675715947793,0.060360447538190865,10
325,phoneme,rf,EvoCluster_PSO,20.0,50.0,2.0,0.40990698174776574,0.0,4.865801825612116,0.0,0.4269410644355986,0.0,10
326,phoneme,rf,EvoCluster_PSO,50.0,30.0,2.5,0.38257423516748884,0.05878718207207227,4.754732997988347,0.2430851355584266,0.43511403224740014,0.018264357387480893,10
327,phoneme,rf,EvoCluster_PSO,50.0,50.0,2.4,0.3865244348221766,0.07394210578062949,4.862762279456154,0.009611888906046369,0.4341901755950242,0.022923702275528635,10
328,phoneme,rf,Meta_GWO,20.0,30.0,17.0,0.09374593787481764,0.07029220611664508,17.47029269579259,4.939292888798299,0.8774176628499488,0.11284228992652706,10
329,phoneme,rf,Meta_GWO,20.0,50.0,17.0,0.07082314047829918,0.1261626139283929,13.34267588763868,8.178868793490095,0.7908435895532474,0.12999633163336782,10
330,phoneme,rf,Meta_GWO,50.0,30.0,17.0,0.06368556543537707,0.07525203047548082,13.098005751431396,3.897597830280851,0.790968255468812,0.11639842697991058,10
331,phoneme,rf,Meta_GWO,50.0,50.0,17.0,0.13403690388960227,0.162887107828652,12.322246689041258,9.8720942761252,0.7046648134274441,0.186768188340194,10
332,phoneme,rf,Meta_PSO,20.0,30.0,17.0,0.07077966283214908,0.06986754003635706,16.81037888384026,4.117326806641943,0.9152656215658942,0.03772922957393353,10
333,phoneme,rf,Meta_PSO,20.0,50.0,17.0,0.08537252030737517,0.09401592811791266,14.404226228357526,7.362810284041556,0.7962344787088199,0.11004556736571615,10
334,phoneme,rf,Meta_PSO,50.0,30.0,17.0,0.08107056581011492,0.053562745331694146,11.097956547717583,3.5719034472640603,0.7933982352895798,0.05983801010230251,10
335,phoneme,rf,Meta_PSO,50.0,50.0,17.0,0.01359569817344788,0.10925343711591907,9.910774526613533,6.46065604437024,0.759342181217701,0.09526498611377704,10
336,phoneme,rf,Meta_WOA,20.0,30.0,17.0,0.28995228772048,0.15634208569014554,4.609777294327414,1.7250674855896526,0.5178170604878907,0.12073759128928974,10
337,phoneme,rf,Meta_WOA,20.0,50.0,17.0,0.32646752718752703,0.13624234786647324,4.384969232124304,1.0176212757858394,0.4901145639839174,0.10766444965223906,10
338,phoneme,rf,Meta_WOA,50.0,30.0,17.0,0.3630574610588013,0.13310066545945695,4.577468782815807,0.6347956305102327,0.455171438155437,0.07207027161769235,10
339,phoneme,rf,Meta_WOA,50.0,50.0,17.0,0.395760875079499,0.03559768631552878,4.745662223182135,0.2676943178523538,0.43364058618799756,0.014358600930815842,10
340,phoneme,svm,AffinityPropagation,,,25.0,0.3242177677277873,0.0,97.15509708300013,0.0,0.952894210925453,0.0,10
341,phoneme,svm,EvoCluster_PSO,20.0,30.0,2.2,0.5298430399140421,0.06200013984122143,8.315861714790554,0.7267438759999504,0.3345657364422552,0.027252121127473692,10
342,phoneme,svm,EvoCluster_PSO,20.0,50.0,2.0,0.5592522884861236,0.0,8.660586603351376,0.0,0.32163892036721325,0.0,10
343,phoneme,svm,EvoCluster_PSO,50.0,30.0,2.0,0.5592522884861236,0.0,8.660586603351376,0.0,0.32163892036721325,0.0,10
344,phoneme,svm,EvoCluster_PSO,50.0,50.0,2.0,0.5592522884861236,0.0,8.660586603351376,0.0,0.32163892036721325,0.0,10
345,phoneme,svm,Meta_GWO,20.0,30.0,20.0,0.03442926836305012,0.07440158423071634,14.641756821002286,10.63450396285994,0.7691200667582514,0.0777564707721949,10
346,phoneme,svm,Meta_GWO,20.0,50.0,20.0,0.14917009692429015,0.1396988340485383,6.962218074888904,2.4146881653143675,0.5455199717442903,0.11953097751243418,10
347,phoneme,svm,Meta_GWO,50.0,30.0,20.0,0.17586282696001398,0.21856806914838045,11.344955224238076,5.2221476735874175,0.6259990681256669,0.2005436798159135,10
348,phoneme,svm,Meta_GWO,50.0,50.0,20.0,0.1824163941393626,0.1718758980104617,7.892955600929762,3.4343593940581107,0.5680971750134496,0.1644565645348337,10
349,phoneme,svm,Meta_PSO,20.0,30.0,20.0,0.032080076622345674,0.10275874640869968,9.594852618882232,4.440301810617424,0.7055186286473338,0.08517267500698404,10
350,phoneme,svm,Meta_PSO,20.0,50.0,20.0,0.06293688700436391,0.0678954758223217,6.9129124201760375,1.9698642820550678,0.6117114910299134,0.07260466730841596,10
351,phoneme,svm,Meta_PSO,50.0,30.0,20.0,0.11666161587122274,0.11163008068270663,8.52917882136379,5.331635185172961,0.5999396649645798,0.10461900699432371,10
352,phoneme,svm,Meta_PSO,50.0,50.0,20.0,0.15576015935146154,0.23856929279103659,6.952750110609662,1.4642425839673259,0.5397756861931496,0.11685520080675224,10
353,phoneme,svm,Meta_WOA,20.0,30.0,20.0,0.5592522884861236,0.0,8.660586603351376,0.0,0.32163892036721325,0.0,10
354,phoneme,svm,Meta_WOA,20.0,50.0,20.0,0.5385107677758315,0.0655904475800767,8.135865487383095,1.6593138628451187,0.34049120998406146,0.059616174298383465,10
355,phoneme,svm,Meta_WOA,50.0,30.0,20.0,0.5592522884861236,0.0,8.660586603351376,0.0,0.32163892036721325,0.0,10
356,phoneme,svm,Meta_WOA,50.0,50.0,20.0,0.5592522884861236,0.0,8.660586603351376,0.0,0.32163892036721325,0.0,10
357,phoneme,xgb,AffinityPropagation,,,18.0,0.3286709052486654,0.0,52.274472357198285,7.105427357601002e-15,0.9962640659659533,0.0,10
358,phoneme,xgb,EvoCluster_PSO,20.0,30.0,2.9,0.304061926612556,0.06634877007331243,5.204031642512748,1.5168517732583273,0.48592870304768987,0.030393483937779072,10
359,phoneme,xgb,EvoCluster_PSO,20.0,50.0,3.5,0.2782816417061026,0.1047857580925722,4.6763786745689915,1.0187036093195965,0.479406498033396,0.04114356603760079,10
360,phoneme,xgb,EvoCluster_PSO,50.0,30.0,2.9,0.2892637379795221,0.12433362681678423,4.077249248003722,0.4425613218526273,0.4740220206983058,0.04354300879555506,10
361,phoneme,xgb,EvoCluster_PSO,50.0,50.0,2.8,0.3056277822920149,0.04829796461561873,4.374359549588358,0.37271274007925065,0.46179811383501423,0.01464916657006946,10
362,phoneme,xgb,Meta_GWO,20.0,30.0,18.0,0.09356696834894969,0.05815782084603429,20.788389207074523,4.177324952460096,0.8661048518059296,0.10427351476680756,10
363,phoneme,xgb,Meta_GWO,20.0,50.0,18.0,0.02743092019416815,0.10337960250589104,17.102210455858717,5.838994706177827,0.863093475562567,0.10398306472539892,10
364,phoneme,xgb,Meta_GWO,50.0,30.0,18.0,0.0905211457063812,0.1241408912833083,17.26419852981051,7.830560651646929,0.7522751098946577,0.1014969890179548,10
365,phoneme,xgb,Meta_GWO,50.0,50.0,18.0,0.05098701971511299,0.0715842359612528,14.425837213658008,5.521848567968923,0.8031934270747347,0.12478563266450962,10
366,phoneme,xgb,Meta_PSO,20.0,30.0,18.0,0.10777237016220417,0.06244720312155771,19.509709652642776,5.765141858606293,0.8917176352149484,0.046662926984449474,10
367,phoneme,xgb,Meta_PSO,20.0,50.0,18.0,0.09470445846764233,0.08803674125719395,18.56317065179659,6.821349887002463,0.8521080131197607,0.03448089014620315,10
368,phoneme,xgb,Meta_PSO,50.0,30.0,18.0,0.06252058022669274,0.07246289509840403,18.17315810662229,5.348461086831109,0.8628210842343489,0.045074613234075814,10
369,phoneme,xgb,Meta_PSO,50.0,50.0,18.0,0.052031288991629975,0.08798383957488,16.847026496608457,5.946536090188298,0.8085640874151917,0.02284432448904641,10
370,phoneme,xgb,Meta_WOA,20.0,30.0,18.0,0.10884886125628801,0.09672518867767897,8.022926922879106,6.582410705760645,0.7188842907273368,0.12604096371283388,10
371,phoneme,xgb,Meta_WOA,20.0,50.0,18.0,0.17336253882988273,0.16555484998466044,7.689215920848821,5.59739726846052,0.6215854373319382,0.17656384233900754,10
372,phoneme,xgb,Meta_WOA,50.0,30.0,18.0,0.2208809378138814,0.16701406229641297,5.732505723962019,4.40761621405621,0.5571989114127026,0.13971396127836355,10
373,phoneme,xgb,Meta_WOA,50.0,50.0,18.0,0.2536725936611798,0.18942060191409557,4.785914293832411,1.941915357201255,0.5299778880882824,0.11555013757494784,10
374,usps_bin,rf,AffinityPropagation,,,3.0,0.061775236856505655,0.0,1.5306474599218627,0.0,1.1268611442022596,0.0,10
375,usps_bin,rf,EvoCluster_PSO,20.0,30.0,3.0,0.0508278864699251,0.010019380304371705,1.5136301754709978,0.010530918687026885,0.6330716580434932,0.006340877822830871,10
376,usps_bin,rf,EvoCluster_PSO,20.0,50.0,3.0,0.0508278864699251,0.010019380304371705,1.513630175470998,0.010530918687026951,0.6330716580434932,0.006340877822830878,10
377,usps_bin,rf,EvoCluster_PSO,50.0,30.0,3.0,0.0508278864699251,0.010019380304371705,1.5136301754709978,0.01053091868702689,0.6330716580434932,0.006340877822830878,10
378,usps_bin,rf,EvoCluster_PSO,50.0,50.0,3.0,0.053996292720449666,0.0,1.5169603443615014,1.4802973661668753e-16,0.6310664964149937,6.409875621278546e-17,10
379,usps_bin,rf,Meta_GWO,20.0,30.0,3.0,0.0508278864699251,0.010019380304371705,1.5136301754709978,0.010530918687026925,0.6330716580434932,0.00634087782283087,10
380,usps_bin,rf,Meta_GWO,20.0,50.0,3.0,0.0508278864699251,0.010019380304371705,1.5136301754709978,0.010530918687026875,0.6330716580434932,0.006340877822830874,10
381,usps_bin,rf,Meta_GWO,50.0,30.0,3.0,0.053996292720449666,0.0,1.5169603443615014,1.4802973661668753e-16,0.6310664964149937,3.700743415417188e-17,10
382,usps_bin,rf,Meta_GWO,50.0,50.0,3.0,0.053996292720449666,0.0,1.5169603443615014,1.6550227688315153e-16,0.6310664964149937,0.0,10
383,usps_bin,rf,Meta_PSO,20.0,30.0,3.0,0.053996292720449666,0.0,1.5169603443615014,1.8129866073473578e-16,0.6310664964149937,0.0,10
384,usps_bin,rf,Meta_PSO,20.0,50.0,3.0,0.0508278864699251,0.010019380304371706,1.513630175470998,0.010530918687026929,0.6330716580434932,0.006340877822830868,10
385,usps_bin,rf,Meta_PSO,50.0,30.0,3.0,0.053996292720449666,0.0,1.5169603443615014,1.6550227688315153e-16,0.6310664964149937,0.0,10
386,usps_bin,rf,Meta_PSO,50.0,50.0,3.0,0.053996292720449666,0.0,1.5169603443615014,1.9582493486507355e-16,0.6310664964149937,0.0,10
387,usps_bin,rf,Meta_WOA,20.0,30.0,3.0,0.04880993320910181,0.022627197780026417,1.5084832888492756,0.017755926057277674,0.6396378137005465,0.011179122766928808,10
388,usps_bin,rf,Meta_WOA,20.0,50.0,3.0,0.04765948021940052,0.013359173739162273,1.5103000065804943,0.014041224916035834,0.6350768196719927,0.008454503763774508,10
389,usps_bin,rf,Meta_WOA,50.0,30.0,3.0,0.0508278864699251,0.010019380304371705,1.5136301754709978,0.0105309186870269,0.6330716580434932,0.006340877822830874,10
390,usps_bin,rf,Meta_WOA,50.0,50.0,3.0,0.053996292720449666,0.0,1.5169603443615014,1.4802973661668753e-16,0.6310664964149937,0.0,10
391,usps_bin,svm,AffinityPropagation,,,4.0,0.14567393849839308,0.0,2.7250473199992387,0.0,0.5527313529900697,0.0,10
392,usps_bin,svm,EvoCluster_PSO,20.0,30.0,2.2,0.2691330264440327,0.02763957892899569,2.802714395722003,0.010544882999257913,0.5235084894253392,0.004526087928107557,10
393,usps_bin,svm,EvoCluster_PSO,20.0,50.0,2.0,0.28224362989157625,0.0,2.7977125185313567,0.0,0.5213615774138873,0.0,10
394,usps_bin,svm,EvoCluster_PSO,50.0,30.0,2.0,0.28224362989157625,0.0,2.7977125185313567,0.0,0.5213615774138873,0.0,10
395,usps_bin,svm,EvoCluster_PSO,50.0,50.0,2.0,0.28224362989157625,0.0,2.7977125185313567,0.0,0.5213615774138873,0.0,10
396,usps_bin,svm,Meta_GWO,20.0,30.0,4.0,0.28224362989157625,0.0,2.7977125185313567,0.0,0.5213615774138873,0.0,10
397,usps_bin,svm,Meta_GWO,20.0,50.0,4.0,0.28224362989157625,0.0,2.7977125185313567,0.0,0.5213615774138873,0.0,10
398,usps_bin,svm,Meta_GWO,50.0,30.0,4.0,0.28224362989157625,0.0,2.7977125185313567,0.0,0.5213615774138873,0.0,10
399,usps_bin,svm,Meta_GWO,50.0,50.0,4.0,0.28224362989157625,0.0,2.7977125185313567,0.0,0.5213615774138873,0.0,10
400,usps_bin,svm,Meta_PSO,20.0,30.0,4.0,0.28224362989157625,0.0,2.7977125185313567,0.0,0.5213615774138873,0.0,10
401,usps_bin,svm,Meta_PSO,20.0,50.0,4.0,0.28224362989157625,0.0,2.7977125185313567,0.0,0.5213615774138873,0.0,10
402,usps_bin,svm,Meta_PSO,50.0,30.0,4.0,0.28224362989157625,0.0,2.7977125185313567,0.0,0.5213615774138873,0.0,10
403,usps_bin,svm,Meta_PSO,50.0,50.0,4.0,0.28224362989157625,0.0,2.7977125185313567,0.0,0.5213615774138873,0.0,10
404,usps_bin,svm,Meta_WOA,20.0,30.0,4.0,0.2756883281678045,0.02072968419674676,2.80021345712668,0.007908662249443274,0.5224350334196133,0.0033945659460806695,10
405,usps_bin,svm,Meta_WOA,20.0,50.0,4.0,0.28224362989157625,0.0,2.7977125185313567,0.0,0.5213615774138873,0.0,10
406,usps_bin,svm,Meta_WOA,50.0,30.0,4.0,0.28224362989157625,0.0,2.7977125185313567,0.0,0.5213615774138873,0.0,10
407,usps_bin,svm,Meta_WOA,50.0,50.0,4.0,0.28224362989157625,0.0,2.7977125185313567,0.0,0.5213615774138873,0.0,10
408,usps_bin,xgb,AffinityPropagation,,,3.0,0.1768498999189215,0.0,2.742249407274587,0.0,1.1106834052989367,0.0,10
409,usps_bin,xgb,EvoCluster_PSO,20.0,30.0,2.0,0.18644669440361655,0.0,2.089341468689871,0.0,0.610485090754247,0.0,10
410,usps_bin,xgb,EvoCluster_PSO,20.0,50.0,2.0,0.18644669440361655,0.0,2.089341468689871,0.0,0.610485090754247,0.0,10
411,usps_bin,xgb,EvoCluster_PSO,50.0,30.0,2.0,0.18644669440361655,0.0,2.089341468689871,0.0,0.610485090754247,0.0,10
412,usps_bin,xgb,EvoCluster_PSO,50.0,50.0,2.0,0.18644669440361655,0.0,2.089341468689871,0.0,0.610485090754247,0.0,10
413,usps_bin,xgb,Meta_GWO,20.0,30.0,3.0,0.18644669440361655,0.0,2.089341468689871,0.0,0.610485090754247,0.0,10
414,usps_bin,xgb,Meta_GWO,20.0,50.0,3.0,0.18644669440361655,0.0,2.089341468689871,0.0,0.610485090754247,0.0,10
415,usps_bin,xgb,Meta_GWO,50.0,30.0,3.0,0.18644669440361655,0.0,2.089341468689871,0.0,0.610485090754247,0.0,10
416,usps_bin,xgb,Meta_GWO,50.0,50.0,3.0,0.18644669440361655,0.0,2.089341468689871,0.0,0.610485090754247,0.0,10
417,usps_bin,xgb,Meta_PSO,20.0,30.0,3.0,0.18644669440361655,0.0,2.089341468689871,0.0,0.610485090754247,0.0,10
418,usps_bin,xgb,Meta_PSO,20.0,50.0,3.0,0.18644669440361655,0.0,2.089341468689871,0.0,0.610485090754247,0.0,10
419,usps_bin,xgb,Meta_PSO,50.0,30.0,3.0,0.18644669440361655,0.0,2.089341468689871,0.0,0.610485090754247,0.0,10
420,usps_bin,xgb,Meta_PSO,50.0,50.0,3.0,0.18644669440361655,0.0,2.089341468689871,0.0,0.610485090754247,0.0,10
421,usps_bin,xgb,Meta_WOA,20.0,30.0,3.0,0.17663174961307762,0.03103758064690728,2.0115914322333177,0.24586720336383638,0.6262577266938223,0.049877454273688074,10
422,usps_bin,xgb,Meta_WOA,20.0,50.0,3.0,0.18644669440361655,0.0,2.089341468689871,0.0,0.610485090754247,0.0,10
423,usps_bin,xgb,Meta_WOA,50.0,30.0,3.0,0.18644669440361655,0.0,2.089341468689871,0.0,0.610485090754247,0.0,10
424,usps_bin,xgb,Meta_WOA,50.0,50.0,3.0,0.18644669440361655,0.0,2.089341468689871,0.0,0.610485090754247,0.0,10
425,wdbc,rf,AffinityPropagation,,,3.0,0.16355050613175373,0.0,3.487406690808645,0.0,1.0352108889088356,0.0,10
426,wdbc,rf,EvoCluster_PSO,20.0,30.0,2.0,0.20491021826902803,0.0,2.5758482302950974,0.0,0.549119322894502,0.0,10
427,wdbc,rf,EvoCluster_PSO,20.0,50.0,2.0,0.19878212085673574,0.019378745546227465,2.51115032009172,0.20459275609571945,0.5565995256429268,0.02365447804487366,10
428,wdbc,rf,EvoCluster_PSO,50.0,30.0,2.0,0.20491021826902803,0.0,2.5758482302950974,0.0,0.549119322894502,0.0,10
429,wdbc,rf,EvoCluster_PSO,50.0,50.0,2.0,0.20491021826902803,0.0,2.5758482302950974,0.0,0.549119322894502,0.0,10
430,wdbc,rf,Meta_GWO,20.0,30.0,3.0,0.19546778748183163,0.02985958793603719,2.537338220706971,0.12177934301340256,0.551752765175996,0.008327675696111127,10
431,wdbc,rf,Meta_GWO,20.0,50.0,3.0,0.19546778748183163,0.029859587936037192,2.537338220706971,0.12177934301340258,0.551752765175996,0.00832767569611113,10
432,wdbc,rf,Meta_GWO,50.0,30.0,3.0,0.20491021826902803,0.0,2.5758482302950974,0.0,0.549119322894502,0.0,10
433,wdbc,rf,Meta_GWO,50.0,50.0,3.0,0.20491021826902803,0.0,2.5758482302950974,0.0,0.549119322894502,0.0,10
434,wdbc,rf,Meta_PSO,20.0,30.0,3.0,0.20491021826902803,0.0,2.5758482302950974,0.0,0.549119322894502,0.0,10
435,wdbc,rf,Meta_PSO,20.0,50.0,3.0,0.20491021826902803,0.0,2.5758482302950974,0.0,0.549119322894502,0.0,10
436,wdbc,rf,Meta_PSO,50.0,30.0,3.0,0.20491021826902803,0.0,2.5758482302950974,0.0,0.549119322894502,0.0,10
437,wdbc,rf,Meta_PSO,50.0,50.0,3.0,0.20491021826902803,0.0,2.5758482302950974,0.0,0.549119322894502,0.0,10
438,wdbc,rf,Meta_WOA,20.0,30.0,3.0,0.19546778748183163,0.02985958793603719,2.537338220706971,0.1217793430134026,0.551752765175996,0.008327675696111118,10
439,wdbc,rf,Meta_WOA,20.0,50.0,3.0,0.20491021826902803,0.0,2.5758482302950974,0.0,0.549119322894502,0.0,10
440,wdbc,rf,Meta_WOA,50.0,30.0,3.0,0.20491021826902803,0.0,2.5758482302950974,0.0,0.549119322894502,0.0,10
441,wdbc,rf,Meta_WOA,50.0,50.0,3.0,0.20491021826902803,0.0,2.5758482302950974,0.0,0.549119322894502,0.0,10
442,wdbc,xgb,AffinityPropagation,,,3.0,0.19878491671644982,0.0,3.7999723171024926,0.0,0.875348704268975,0.0,10
443,wdbc,xgb,EvoCluster_PSO,20.0,30.0,2.9,0.12083823805262643,0.023874772971215034,2.529454949578327,0.13869978525336701,0.5415276412706221,0.0026960871917306043,10
444,wdbc,xgb,EvoCluster_PSO,20.0,50.0,2.9,0.120366160301054,0.023994503647697254,2.5732934184267595,0.031427548812210736,0.540792059144247,0.0016458560860829975,10
445,wdbc,xgb,EvoCluster_PSO,50.0,30.0,3.0,0.11277843201585983,0.0,2.58323168197903,0.0,0.5402715937509598,0.0,10
446,wdbc,xgb,EvoCluster_PSO,50.0,50.0,3.0,0.11277843201585983,0.0,2.58323168197903,0.0,0.5402715937509598,0.0,10
447,wdbc,xgb,Meta_GWO,20.0,30.0,3.0,0.120366160301054,0.023994503647697247,2.5732934184267595,0.031427548812210784,0.540792059144247,0.0016458560860829815,10
448,wdbc,xgb,Meta_GWO,20.0,50.0,3.0,0.11277843201585983,0.0,2.58323168197903,0.0,0.5402715937509598,0.0,10
449,wdbc,xgb,Meta_GWO,50.0,30.0,3.0,0.11277843201585983,0.0,2.58323168197903,0.0,0.5402715937509598,0.0,10
450,wdbc,xgb,Meta_GWO,50.0,50.0,3.0,0.11277843201585983,0.0,2.58323168197903,0.0,0.5402715937509598,0.0,10
451,wdbc,xgb,Meta_PSO,20.0,30.0,3.0,0.11325050976743226,0.0014928409276600244,2.539393213130597,0.13862941069538615,0.5410071758773349,0.002326114925455343,10
452,wdbc,xgb,Meta_PSO,20.0,50.0,3.0,0.11277843201585983,0.0,2.58323168197903,0.0,0.5402715937509598,0.0,10
453,wdbc,xgb,Meta_PSO,50.0,30.0,3.0,0.11277843201585983,0.0,2.58323168197903,0.0,0.5402715937509598,0.0,10
454,wdbc,xgb,Meta_PSO,50.0,50.0,3.0,0.11277843201585983,0.0,2.58323168197903,0.0,0.5402715937509598,0.0,10
455,wdbc,xgb,Meta_WOA,20.0,30.0,3.0,0.12795388858624818,0.031992671530262994,2.563355154874489,0.041903398416281,0.5413125245375342,0.0021944747814440163,10
456,wdbc,xgb,Meta_WOA,20.0,50.0,3.0,0.12795388858624818,0.031992671530263,2.563355154874489,0.041903398416281046,0.5413125245375342,0.0021944747814439786,10
457,wdbc,xgb,Meta_WOA,50.0,30.0,3.0,0.120366160301054,0.02399450364769725,2.5732934184267595,0.031427548812210764,0.540792059144247,0.0016458560860829771,10
458,wdbc,xgb,Meta_WOA,50.0,50.0,3.0,0.120366160301054,0.02399450364769725,2.5732934184267595,0.031427548812210764,0.540792059144247,0.0016458560860829745,10
